-- MySQL dump 10.13  Distrib 5.6.26, for osx10.10 (x86_64)
--
-- Host: localhost    Database: accord
-- ------------------------------------------------------
-- Server version	5.6.26

/*!40101 SET @OLD_CHARACTER_SET_CLIENT=@@CHARACTER_SET_CLIENT */;
/*!40101 SET @OLD_CHARACTER_SET_RESULTS=@@CHARACTER_SET_RESULTS */;
/*!40101 SET @OLD_COLLATION_CONNECTION=@@COLLATION_CONNECTION */;
/*!40101 SET NAMES utf8 */;
/*!40103 SET @OLD_TIME_ZONE=@@TIME_ZONE */;
/*!40103 SET TIME_ZONE='+00:00' */;
/*!40014 SET @OLD_UNIQUE_CHECKS=@@UNIQUE_CHECKS, UNIQUE_CHECKS=0 */;
/*!40014 SET @OLD_FOREIGN_KEY_CHECKS=@@FOREIGN_KEY_CHECKS, FOREIGN_KEY_CHECKS=0 */;
/*!40101 SET @OLD_SQL_MODE=@@SQL_MODE, SQL_MODE='NO_AUTO_VALUE_ON_ZERO' */;
/*!40111 SET @OLD_SQL_NOTES=@@SQL_NOTES, SQL_NOTES=0 */;

--
-- Table structure for table `DeductionList`
--

DROP TABLE IF EXISTS `DeductionList`;
/*!40101 SET @saved_cs_client     = @@character_set_client */;
/*!40101 SET character_set_client = utf8 */;
CREATE TABLE `DeductionList` (
  `dcode` mediumint(9) NOT NULL,
  `name` varchar(25) DEFAULT NULL
) ENGINE=InnoDB DEFAULT CHARSET=utf8;
/*!40101 SET character_set_client = @saved_cs_client */;

--
-- Dumping data for table `DeductionList`
--

LOCK TABLES `DeductionList` WRITE;
/*!40000 ALTER TABLE `DeductionList` DISABLE KEYS */;
INSERT INTO `DeductionList` VALUES (0,'Unknown'),(1,'401K'),(2,'401K Loan'),(3,'Child Support'),(4,'Dental'),(5,'FSA'),(6,'GARN'),(7,'Group Life'),(8,'Housing'),(9,'Medical'),(10,'Miscded'),(11,'Taxes');
/*!40000 ALTER TABLE `DeductionList` ENABLE KEYS */;
UNLOCK TABLES;

--
-- Table structure for table `companies`
--

DROP TABLE IF EXISTS `companies`;
/*!40101 SET @saved_cs_client     = @@character_set_client */;
/*!40101 SET character_set_client = utf8 */;
CREATE TABLE `companies` (
  `CoCode` mediumint(9) NOT NULL AUTO_INCREMENT,
  `LegalName` varchar(50) DEFAULT NULL,
  `CommonName` varchar(50) DEFAULT NULL,
  `Address` varchar(35) DEFAULT NULL,
  `Address2` varchar(35) DEFAULT NULL,
  `City` varchar(25) DEFAULT NULL,
  `State` char(25) DEFAULT NULL,
  `PostalCode` varchar(10) DEFAULT NULL,
  `Country` varchar(25) DEFAULT NULL,
  `Phone` varchar(25) DEFAULT NULL,
  `Fax` varchar(25) DEFAULT NULL,
  `Email` varchar(35) DEFAULT NULL,
  `Designation` char(3) NOT NULL,
  `Active` smallint(6) NOT NULL,
  `EmploysPersonnel` smallint(6) NOT NULL,
  PRIMARY KEY (`CoCode`)
) ENGINE=InnoDB AUTO_INCREMENT=76 DEFAULT CHARSET=utf8;
/*!40101 SET character_set_client = @saved_cs_client */;

--
-- Dumping data for table `companies`
--

LOCK TABLES `companies` WRITE;
/*!40000 ALTER TABLE `companies` DISABLE KEYS */;
INSERT INTO `companies` VALUES (1,'Accord/417, LLC','6417','11719 Bee Cave Road','Suite 301','Austin','TX','78738','USA','512-600-1880','323-512-0105','','417',1,0),(2,'Amal Brdoukan Mansour','','424 Brandon Way','','Austin','TX','78733','USA','818-516-9270','','amalbmansour@gmail.com','ABM',1,0),(3,'Acrosscity LDA','Acrosscity','Zona Industrial do Casal da Areia','Lote 55  Casal da Areia Distrito','Alcobaca','Freguesia','206 COZ','Portugal','351-1262-545-271','','','ACR',1,0),(4,'Accord Interests, LLC','Accord Interests','11719 Bee Cave Road','Suite 301','Austin','TX','78738','USA','323-512-0111','323-512-0105','','AII',1,1),(5,'Accord/JGM, LLC','AJM','11719 Bee Cave Road','Suite 301','Austin','TX','78738','USA','512-600-1880','323-512-0105','','AJM',1,0),(6,'Anna Joan Mansour','','424 Brandon Way','','Austin','TX','78738','USA','818-424-5534','','','ANN',1,0),(7,'Accord/BRO CLY, LLC','BCR','11719 Bee Cave Road','Suite 301','Austin','TX','78738','USA','512-600-1880','323-512-0105','','BCR',1,0),(8,'Accord/BRO, LLC','BRG','11719 Bee Cave Road','Suite 301','Austin','TX','78738','USA','512-600-1880','323-512-0105','','BRG',1,0),(9,'Accord/BRO Equity, LLC','BRE','11719 Bee Cave Road','Suite 301','Austin','TX','78738','USA','512-600-1880','323-512-0105','','BRE',1,0),(10,'Accord/BRO Members, LLC','BRO','11719 Bee Cave Road','Suite 301','Austin','TX','78738','USA','512-600-1880','323-512-0105','','BRO',1,0),(11,'BVS CBP Holdings, LLC','','11719 Bee Cave Road','Suite 301','Austin','TX','78738','USA','512-600-1880','323-512-0105','','BVS',1,0),(12,'CBP Member LLC','CBM','11719 Bee Cave Road','Suite 301','Austin','TX','78738','USA','512-600-1880','323-512-0105','','CBM',1,0),(13,'Ceruzzi-Beaumont Partners, LLC','Ceruzzi-Beaumont Partners','11719 Bee Cave Road','Suite 301','Austin','TX','78738','USA','512-600-1880','323-512-0105','','CBP',1,0),(14,'California Commerce Centre Owners Association','CCC','11719 Bee Cave Road','Suite 301','Austin','TX','78738','USA','512-600-1880','323-512-0105','','CCC',1,0),(15,'Darla J. Nelson','','119 The Hills Drive','','Austin','TX','78738','USA','512-502-5486','','','DJN',1,0),(16,'Elizabeth Joan Mansour','','424 Brandon Way','','Austin','TX','78733','USA','310-987-1223','','','ELI',1,0),(17,'Elad Yifrach','','1203 David Drive','','Euless','TX','76040','USA','310-897-8498','','','EY',1,0),(18,'Accord Guaranty LP','GUA','11719 Bee Cave Road','Suite 301','Austin','TX','78738','USA','','','','GUA',1,0),(19,'L\'Objet IOM Limited','L\'Objet IOM','Ground Floor West Suite','54-58 Athol Street','Douglas','','1M11JD','Isle of Man','','','','IOM',1,1),(20,'Accord/OKC Members, LLC','Isola Bella','6303 NW 63rd Street','','Oklahoma City','OK','73132','USA','405-721-2191','405-603-4095','','ISO',1,1),(21,'Joseph G. Mansour','','424 Brandon Way','','Austin','TX','78733','USA','310-245-8220','','','JGM',1,0),(22,'Joan L.Mansour','','424 Brandon Way','','Austin','TX','78733','USA','310-600-1723','','','JLM',1,0),(23,'Jacob Louis Sternbaum','','1602 Lakeway Boulevard','','Lakeway','TX','78734','USA','818-231-1970','','','JLS',1,0),(24,'JGM First, LLC','JM1','11719 Bee Cave Road','Suite 301','Austin','TX','78738','USA','512-600-1880','323-512-0105','','JM1',1,0),(25,'Jacob Sternbaum Trust','Jacob\'s Trust','11719 Bee Cave Road','Suite 301','Austin','TX','78738','USA','512-600-1880','323-512-0105','','JS1',1,0),(26,'Joseph G. Mansour Family Trust 1','JGM\'s Trust','11719 Bee Cave Road','Suite 301','Austin','TX','78738','USA','512-600-1880','323-512-0105','','JT1',1,0),(27,'KLS First, LLC','KS1','11719 Bee Cave Road','Suite 301','Austin','TX','78738','USA','512-600-1880','323-512-0105','','KS1',1,0),(28,'L\'Objet UK Limited','LUK','87-135 Brompton Road','Knightsbridge','London','','SW1X7XL','United Kingdom','','','','LUK',1,0),(29,'Maxxe E  Sternbaum','Maxxy','8756 Wonderland Avenue','','Los Angeles','CA','90046','USA','818-461-4141','','','MES',1,0),(30,'Accord/MOR, LLC','MOR','11719 Bee Cave Road','Suite 301','Austin','TX','78738','USA','512-600-1880','323-512-0105','','MOR',1,0),(31,'Maxxe Sternbaum Trust','Maxxy\'s Trust','11719 Bee Cave Road','Suite 301','Austin','TX','78738','USA','512-600-1880','323-512-0105','','MS1',1,0),(32,'NYC Luxury Reps, Inc.','NYR','41 Madison Avenue','16th Floor','New York','NY','10010','USA','212-251-1011','212-251-1012','','NYR',1,0),(33,'Accord/OKC, LLC','OKG','11719 Bee Cave Road','Suite 301','Austin','TX','78738','USA','310-600-1880','323-512-0105','','OKG',1,0),(34,'Accord/OLI Members, LLC','OL2','11719 Bee Cave Road','Suite 301','Austin','TX','78738','USA','512-600-1880','323-512-0105','','OL2',1,0),(35,'Accord/OLI Equity, LLC','OLE','11719 Bee Cave Road','Suite 301','Austin','TX','78738','USA','512-600-1880','323-512-0105','','OLE',1,0),(36,'231 W Olive Partners, Ltd','OLI','11719 Bee Cave Road','Suite 301','Austin','TX','78738','USA','512-600-1880','323-512-0105','','OLI',1,0),(37,'Accord/PAC Members, LLC','PAC','11719 Bee Cave Road','Suite 301','Austin','TX','78738','USA','512-600-1880','323-512-0105','','PAC',1,0),(38,'BH Rexford Group, Inc.','REX Owners Association','11719 Bee Cave Road','Suite 301','Austin','TX','78738','USA','512-600-1880','323-512-0105','','REH',1,0),(39,'SAT Isola Equity, LLC','SAE','11719 Bee Cave Road','Suite 301','Austin','TX','78738','USA','310-600-1880','323-512-0105','','SAE',1,0),(40,'SAT Isola Manager, LLC','SAG','11719 Bee Cave Road','Suite 301','Austin','TX','78738','USA','310-600-1880','323-512-0105','','SAG',1,0),(41,'SAT Isola Partners, LP','SAT','11719 Bee Cave Road','Suite 301','Austin','TX','78738','USA','310-600-1880','323-512-0105','','SAT',1,0),(42,'Texas Cedars, Ltd.','Tucasa','11719 Bee Cave Road','Suite 301','Austin','TX','78738','USA','310-600-1880','323-512-0105','','TUC',1,1),(43,'Tucasa Corporation','TUG','11719 Bee Cave Road','Suite 301','Austin','TX','78738','USA','310-600-1880','323-512-0105','','TUG',1,0),(44,'L\'Objet USA, LLC','L\'Objet USA','3515 Conflans Road','','Irving','TX','75061','USA','972-986-9575','972-767-4014','','USA',1,1),(45,'Accord/VAU Members, LLC','VAU','11719 Bee Cave Road','Suite 301','Austin','TX','78738','USA','310-600-1880','323-512-0105','','VAU',1,0),(46,'Accord/WIL Members, LLC','WIL','11719 Bee Cave Road','Suite 301','Austin','TX','78738','USA','310-600-1880','323-512-0105','','WIL',1,0),(47,'Accord Group, Inc.','Accord Group','','','','','','','','','','AGI',0,0),(48,'Accord Valet Services, LLC','Accord Valet','','','','','','','','','','AVS',0,0),(49,'Burbank Commerce Centre Industrial, Inc.','BCC','','','','','','','','','','BCC',0,0),(50,'Accord/BEV, LLC','BEG','','','','','','','','','','BEG',0,0),(51,'Accord/BEV Associates, L.P.','BEV','','','','','','','','','','BEV',0,0),(52,'Cedar Interests, Inc.','Cedar Properties','','','','','','','','','','CII',0,0),(53,'Accord/CLY, LLC','CLG','','','','','','','','','','CLG',0,0),(54,'Accord/CLY Members, LLC','CLY','','','','','','','','','','CLY',0,0),(55,'Accord/HOL Members, LLC','HOL','','','','','','','','','','HOL',0,0),(56,'JGM Family Trust 2','JT2','','','','','','','','','','JT2',0,0),(57,'Karl Louis Sternbaum','KLS','','','','','','','','','','KLS',0,0),(58,'Estate of Karl Sternbaum','KSE','','','','','','','','','','KSE',0,0),(59,'KLS Family Trust 1','KS1','','','','','','','','','','KT1',0,0),(60,'MANCO','MCO','','','','','','','','','','MCO',0,0),(61,'Mill Creek Group, Ltd. Co.','Mill Creek','','','','','','','','','','MCT',0,0),(62,'Maxxe Sternbaum Life Insurance Trust','Maxxes Life Insurance Trust','','','','','','','','','','MSL',0,0),(63,'Accord/NE2, LLC','NE2','','','','','','','','','','NE2',0,0),(64,'Accord/NEW Manager, LLC','NEG','','','','','','','','','','NEG',0,0),(65,'Accord/PAS, LLC','PAG','','','','','','','','','','PAG',0,0),(66,'Pasadena Hotel Associates, LLC','PAS','','','','','','','','','','PAS',0,0),(67,'Radford Place Associates','Radford','','','','','','','','','','RPA',0,0),(68,'Accord/SHO, LLC','SHG','','','','','','','','','','SHG',0,0),(69,'Accord/SHO Members, LLC','SHO','','','','','','','','','','SHO',0,0),(70,'Accord/SIE, LLC','SIE','','','','','','','','','','SIE',0,0),(71,'Sternbaum General Partnership','STE','','','','','','','','','','STE',0,0),(72,'Accord/VAU, LLC','VAG','','','','','','','','','','VAG',0,0),(73,'Accord/VIL, LLC','VIG','','','','','','','','','','VIG',0,0),(74,'Accord/VIL Members, LLC','VIL','','','','','','','','','','VIL',0,0),(75,'Accord/WIL, LLC','WIG','','','','','','','','','','WIG',0,0);
/*!40000 ALTER TABLE `companies` ENABLE KEYS */;
UNLOCK TABLES;

--
-- Table structure for table `compensation`
--

DROP TABLE IF EXISTS `compensation`;
/*!40101 SET @saved_cs_client     = @@character_set_client */;
/*!40101 SET character_set_client = utf8 */;
CREATE TABLE `compensation` (
  `uid` mediumint(9) NOT NULL,
  `type` mediumint(9) NOT NULL
) ENGINE=InnoDB DEFAULT CHARSET=utf8;
/*!40101 SET character_set_client = @saved_cs_client */;

--
-- Dumping data for table `compensation`
--

LOCK TABLES `compensation` WRITE;
/*!40000 ALTER TABLE `compensation` DISABLE KEYS */;
INSERT INTO `compensation` VALUES (39,0),(42,2),(165,0),(182,0),(13,2),(146,1),(4,4),(92,0),(100,2),(158,0),(176,4),(178,0),(104,0),(55,1),(127,0),(130,0),(147,1),(58,2),(170,0),(10,4),(129,4),(117,0),(59,1),(21,2),(23,4),(97,2),(140,0),(188,2),(200,1),(98,2),(154,0),(206,1),(85,1),(65,0),(84,0),(167,0),(18,0),(155,0),(169,2),(44,0),(6,0),(69,4),(101,4),(107,0),(3,2),(199,1),(28,0),(120,2),(205,2),(7,0),(51,2),(90,0),(148,0),(166,0),(190,2),(196,2),(82,2),(137,0),(32,0),(112,0),(41,4),(189,2),(5,0),(74,0),(94,4),(45,4),(11,0),(208,1),(72,2),(109,2),(145,2),(179,0),(164,0),(195,2),(64,0),(73,1),(70,2),(106,2),(163,1),(183,0),(80,0),(67,0),(133,2),(25,0),(181,2),(184,0),(185,2),(186,2),(211,1),(24,2),(17,2),(91,0),(126,2),(149,1),(153,0),(99,2),(46,2),(60,0),(35,0),(57,2),(174,0),(192,1),(50,2),(26,2),(121,0),(152,0),(43,0),(83,2),(144,4),(22,2),(180,0),(87,0),(204,2),(79,0),(161,2),(48,0),(128,0),(103,1),(125,2),(132,4),(135,0),(201,1),(203,1),(8,0),(136,2),(143,0),(168,0),(172,2),(197,2),(210,1),(134,0),(29,2),(61,0),(102,0),(12,0),(114,2),(150,0),(207,1),(88,2),(53,2),(81,2),(142,2),(209,1),(78,0),(157,0),(194,2),(19,1),(66,0),(119,0),(56,2),(108,0),(116,4),(63,0),(31,0),(198,1),(111,2),(177,0),(62,0),(38,1),(93,2),(20,2),(14,2),(105,2),(160,2),(52,4),(124,2),(2,0),(27,2),(33,0),(37,2),(40,2),(138,0),(139,0),(173,1),(191,1),(159,0),(16,0),(89,1),(96,2),(118,0),(1,0),(75,0),(86,0),(141,1),(175,1),(193,1),(30,2),(122,2),(162,0),(187,4),(15,0),(71,2),(110,2),(131,0),(151,0),(156,2),(47,2),(123,0),(171,0),(54,0),(76,2),(77,2),(95,0),(34,2),(202,1),(9,2),(49,2),(68,0),(113,0),(115,0),(36,0);
/*!40000 ALTER TABLE `compensation` ENABLE KEYS */;
UNLOCK TABLES;

--
-- Table structure for table `deductions`
--

DROP TABLE IF EXISTS `deductions`;
/*!40101 SET @saved_cs_client     = @@character_set_client */;
/*!40101 SET character_set_client = utf8 */;
CREATE TABLE `deductions` (
  `uid` mediumint(9) NOT NULL,
  `deduction` int(11) NOT NULL
) ENGINE=InnoDB DEFAULT CHARSET=utf8;
/*!40101 SET character_set_client = @saved_cs_client */;

--
-- Dumping data for table `deductions`
--

LOCK TABLES `deductions` WRITE;
/*!40000 ALTER TABLE `deductions` DISABLE KEYS */;
INSERT INTO `deductions` VALUES (3,11),(4,11),(4,9),(4,4),(9,11),(9,9),(9,4),(9,8),(10,11),(10,9),(10,4),(13,11),(13,9),(13,4),(14,11),(14,9),(14,4),(14,8),(17,11),(19,11),(19,9),(19,4),(20,11),(20,9),(20,4),(21,11),(21,9),(21,4),(21,1),(22,11),(22,8),(23,11),(23,9),(23,4),(24,11),(24,9),(24,4),(24,8),(26,11),(26,8),(27,11),(29,11),(29,9),(29,4),(30,11),(30,9),(30,4),(30,6),(34,11),(34,9),(34,4),(34,3),(34,8),(37,11),(37,9),(37,4),(37,10),(37,8),(38,11),(38,9),(38,4),(40,11),(40,9),(40,4),(41,11),(41,9),(41,4),(42,11),(42,9),(42,4),(45,11),(45,9),(45,4),(46,11),(46,9),(46,4),(46,1),(47,11),(47,9),(47,4),(47,1),(49,11),(49,9),(49,4),(50,11),(51,11),(52,11),(53,11),(53,9),(53,4),(55,11),(55,9),(55,4),(55,5),(55,1),(56,11),(56,9),(56,4),(57,11),(57,9),(57,4),(57,8),(58,11),(58,9),(58,4),(59,11),(59,9),(59,4),(59,8),(69,11),(69,9),(69,4),(70,11),(70,9),(70,4),(71,11),(72,11),(73,11),(73,9),(73,4),(76,11),(76,9),(76,4),(76,8),(77,11),(77,9),(77,4),(81,11),(81,9),(81,4),(81,3),(82,11),(82,9),(82,4),(83,11),(83,9),(83,4),(85,11),(88,11),(89,11),(89,9),(89,4),(89,8),(93,11),(94,11),(94,9),(94,4),(96,11),(96,9),(96,4),(96,8),(99,11),(99,8),(100,11),(101,11),(101,9),(101,4),(103,11),(103,9),(103,4),(105,11),(105,8),(109,11),(109,9),(109,4),(110,11),(110,9),(110,4),(111,11),(111,9),(111,4),(111,8),(114,11),(114,9),(114,4),(116,11),(116,9),(116,4),(120,11),(122,11),(124,11),(124,9),(124,4),(124,8),(125,11),(125,9),(125,4),(126,11),(126,9),(126,4),(126,8),(129,11),(129,9),(129,4),(132,11),(132,9),(132,4),(133,11),(133,9),(133,4),(136,11),(141,11),(141,9),(141,4),(142,11),(142,9),(142,4),(142,8),(144,11),(144,9),(144,4),(145,11),(146,11),(146,9),(146,4),(146,5),(147,11),(147,9),(147,4),(149,11),(156,11),(156,9),(156,4),(156,8),(160,11),(161,11),(163,11),(163,9),(163,4),(169,11),(169,8),(172,11),(172,3),(173,11),(173,9),(173,4),(173,8),(175,11),(175,9),(175,4),(176,11),(176,9),(176,4),(181,11),(181,8),(185,11),(185,8),(186,11),(186,9),(186,4),(186,8),(187,11),(187,9),(187,4),(188,11),(188,9),(188,4),(188,8),(188,3),(189,11),(189,9),(189,4),(189,8),(190,11),(191,11),(191,4),(191,9),(191,7),(191,5),(192,11),(192,1),(193,11),(193,1),(194,11),(195,11),(196,11),(197,11),(197,4),(197,9),(197,7),(197,1),(198,11),(198,4),(198,9),(199,11),(200,11),(200,4),(200,9),(200,7),(201,11),(201,4),(201,9),(201,7),(201,10),(202,11),(202,4),(202,9),(202,7),(202,5),(202,1),(203,11),(203,4),(203,9),(203,7),(204,11),(204,8),(205,11),(205,4),(205,9),(205,7),(205,8),(206,11),(206,4),(206,9),(206,7),(206,5),(206,1),(206,2),(207,11),(207,4),(207,9),(207,7),(207,5),(207,1),(207,2),(208,11),(209,11),(210,11),(211,11);
/*!40000 ALTER TABLE `deductions` ENABLE KEYS */;
UNLOCK TABLES;

--
-- Table structure for table `departments`
--

DROP TABLE IF EXISTS `departments`;
/*!40101 SET @saved_cs_client     = @@character_set_client */;
/*!40101 SET character_set_client = utf8 */;
CREATE TABLE `departments` (
  `deptcode` mediumint(9) NOT NULL AUTO_INCREMENT,
  `name` varchar(25) DEFAULT NULL,
  PRIMARY KEY (`deptcode`)
) ENGINE=InnoDB AUTO_INCREMENT=17 DEFAULT CHARSET=utf8;
/*!40101 SET character_set_client = @saved_cs_client */;

--
-- Dumping data for table `departments`
--

LOCK TABLES `departments` WRITE;
/*!40000 ALTER TABLE `departments` DISABLE KEYS */;
INSERT INTO `departments` VALUES (1,'Administrative'),(2,'Capital Improvements'),(3,'Courtesy Patrol'),(4,'Customer Service'),(5,'Fitness Center'),(6,'Food & Beverage'),(7,'Guest Services'),(8,'Housekeeping'),(9,'Landscaping'),(10,'Maintenance'),(11,'Product Development'),(12,'Product Sales'),(13,'Serviced Apt Sales'),(14,'Trad Apt Sales'),(15,'Unknown'),(16,'Warehouse');
/*!40000 ALTER TABLE `departments` ENABLE KEYS */;
UNLOCK TABLES;

--
-- Table structure for table `jobtitles`
--

DROP TABLE IF EXISTS `jobtitles`;
/*!40101 SET @saved_cs_client     = @@character_set_client */;
/*!40101 SET character_set_client = utf8 */;
CREATE TABLE `jobtitles` (
  `jobcode` mediumint(9) NOT NULL AUTO_INCREMENT,
  `Title` varchar(40) DEFAULT NULL,
  `DeptCode` mediumint(9) DEFAULT NULL,
  PRIMARY KEY (`jobcode`)
) ENGINE=InnoDB AUTO_INCREMENT=83 DEFAULT CHARSET=utf8;
/*!40101 SET character_set_client = @saved_cs_client */;

--
-- Dumping data for table `jobtitles`
--

LOCK TABLES `jobtitles` WRITE;
/*!40000 ALTER TABLE `jobtitles` DISABLE KEYS */;
INSERT INTO `jobtitles` VALUES (1,'Accounting Assistant',1),(2,'Accounting Associate',1),(3,'Accounting Manager',1),(4,'Administrative Assistant',1),(5,'Assistant Manager',1),(6,'Associate Developer',1),(7,'Chief Executive Officer',1),(8,'Chief Financial Officer',1),(9,'Chief Operating Officer',1),(10,'Chief Technology Officer',1),(11,'General Manager',1),(12,'HR & Payroll Manager',1),(13,'Intern',1),(14,'Night Auditor',1),(15,'Office Manager',1),(16,'Procurement Specialist',1),(17,'Special Projects Associate',1),(18,'Director of Procurements',1),(19,'Call Center Associate',0),(20,'Call Center Manager',0),(21,'Courtesy Patrol Driver',3),(22,'Courtesy Patrol Manager',3),(23,'Courtesy Patrol Officer',3),(24,'Courtesy Patrol Supervisor',3),(25,'Designer',0),(26,'Creative Director',0),(27,'Development Coordinator',0),(28,'Director of Fragrence',0),(29,'Director of Sales',0),(30,'Principal',0),(31,'Studio Manager',0),(32,'Visual Arts Director',0),(33,'Fitness Center Attendant',5),(34,'Fitness Center Manager',5),(35,'Food and Beverage Manager',5),(36,'Executive Chef',6),(37,'Food & Bev Associate',6),(38,'Bar Manager',6),(39,'Bartender',6),(40,'Host',6),(41,'Waitstaff',6),(42,'Guest Services Associate',7),(43,'Concierge Manager',7),(44,'Concierge',7),(45,'Guest Services Manager',7),(46,'Housekeeping Manager',8),(47,'Housekeeping Supervisor',8),(48,'Common Area Housekeeper',8),(49,'Laundry Associate',8),(50,'Laundry Attendant',8),(51,'Serviced Apt Housekeeper',8),(52,'Svc Apt Housekeeping Associate',8),(53,'Traditional Apt Housekeeper',8),(54,'Grounds Associate',9),(55,'Grounds Supervisor',9),(56,'Maintenance Associate',10),(57,'Maintenance Manager',10),(58,'Maintenance Supervisor',10),(59,'Makeready Associate',10),(60,'Cap Improvement Associate',10),(61,'Cap Improvement Supervisor',10),(62,'Customer Service Associate',0),(63,'Customer Service Manager',0),(64,'Product Sales Associate',0),(65,'Product Sales Manager',0),(66,'National Accounts Manager',0),(67,'Leasing Associate',14),(68,'Leasing Manager',14),(69,'Packer',16),(70,'Repair Room Staff',16),(71,'Seasonal Associate',16),(72,'Checker',16),(73,'Warehouse Associate',16),(74,'Warehouse Manager',16),(75,'Warehouse Supervisor',16),(76,'Retail Clerk',0),(77,'Store Manager',0),(78,'Asst Store Manager',0),(79,'Traditional Apt Housekeeping Assoc',8),(80,'Makeready Technician',0),(81,'Serviced Apt Sales Associate',0),(82,'Unknown',0);
/*!40000 ALTER TABLE `jobtitles` ENABLE KEYS */;
UNLOCK TABLES;

--
-- Table structure for table `people`
--

DROP TABLE IF EXISTS `people`;
/*!40101 SET @saved_cs_client     = @@character_set_client */;
/*!40101 SET character_set_client = utf8 */;
CREATE TABLE `people` (
  `LastName` varchar(25) DEFAULT NULL,
  `FirstName` varchar(25) DEFAULT NULL,
  `MiddleName` varchar(25) DEFAULT NULL,
  `Salutation` varchar(10) DEFAULT NULL,
  `Class` varchar(25) DEFAULT NULL,
  `PositionControlNumber` varchar(10) DEFAULT NULL,
  `Email` varchar(35) DEFAULT NULL,
  `OfficePhone` varchar(25) DEFAULT NULL,
  `OfficeFax` varchar(25) DEFAULT NULL,
  `CellPhone` varchar(25) DEFAULT NULL,
  `PrimaryEmail` varchar(35) DEFAULT NULL,
  `SecondaryEmail` varchar(35) DEFAULT NULL,
  `birthMonth` tinyint(4) DEFAULT NULL,
  `birthDoM` tinyint(4) DEFAULT NULL,
  `HomeStreetAddress` varchar(35) DEFAULT NULL,
  `HomeStreetAddress2` varchar(25) DEFAULT NULL,
  `HomeCity` varchar(25) DEFAULT NULL,
  `HomeState` char(2) DEFAULT NULL,
  `HomePostalCode` varchar(10) DEFAULT NULL,
  `HomeCountry` varchar(25) DEFAULT NULL,
  `uid` mediumint(9) NOT NULL AUTO_INCREMENT,
  `jobcode` mediumint(9) DEFAULT NULL,
  `hire` date DEFAULT NULL,
  `termination` date DEFAULT NULL,
  `mgruid` mediumint(9) NOT NULL,
  `deptcode` mediumint(9) DEFAULT NULL,
  `cocode` mediumint(9) DEFAULT NULL,
  `StateOfEmployment` varchar(25) NOT NULL,
  `CountryOfEmployment` varchar(25) NOT NULL,
  `PreferredName` varchar(25) NOT NULL,
  `EmergencyContactName` varchar(25) NOT NULL,
  `EmergencyContactPhone` varchar(25) NOT NULL,
  `status` smallint(6) NOT NULL,
  `EligibleForRehire` smallint(6) NOT NULL,
  `AcceptedHealthInsurance` smallint(6) NOT NULL,
  `AcceptedDentalInsurance` smallint(6) NOT NULL,
  `Accepted401K` smallint(6) NOT NULL,
  `LastReview` date DEFAULT NULL,
  `NextReview` date DEFAULT NULL,
  `username` varchar(20) DEFAULT NULL,
  `passhash` char(128) DEFAULT NULL,
  PRIMARY KEY (`uid`)
) ENGINE=InnoDB AUTO_INCREMENT=212 DEFAULT CHARSET=utf8;
/*!40101 SET character_set_client = @saved_cs_client */;

--
-- Dumping data for table `people`
--

LOCK TABLES `people` WRITE;
/*!40000 ALTER TABLE `people` DISABLE KEYS */;
INSERT INTO `people` VALUES ('Perez','Tana','','','','','','(893) 382-0653','(339) 678-9021','(867) 598-1893','TPerez7184@bdiddy.com','TPerez4894@hotmail.com',10,21,'19601 Evergreen','Apt. #5602','Phoenix','AR','73128','',1,0,'2014-07-12','2014-07-24',0,0,23,'','','','','',0,1,0,0,0,'0000-00-00','0000-00-00','dacuna','76498229db1024a919bbbebc3ce6feb702ed3cb6f115926ac5a677b43f387ba3c169dce72c75793f0e5301fe616a3645f71e011f4b21eb0dee6ec849c6d9d42d'),('Hatfield','Jan','','','OK:OKC:FDBEV','','','(547) 221-9295','(636) 831-2067','(581) 884-4460','JanHatfield757@abiz.com','JHatfield8196@yahoo.com',1,15,'31217 North','','Columbia','NH','73132','',2,42,'2014-02-26','2014-09-05',0,7,20,'','','','','',0,0,0,0,0,'0000-00-00','0000-00-00','cadams','76498229db1024a919bbbebc3ce6feb702ed3cb6f115926ac5a677b43f387ba3c169dce72c75793f0e5301fe616a3645f71e011f4b21eb0dee6ec849c6d9d42d'),('Burke','Stacee','','','OK:OKC:GSERV','1066','','(954) 304-2620','(986) 758-7693','(807) 749-6518','SBurke63@abiz.com','StaceeBurke730@abiz.com',10,23,'56869 Evergreen','','Wichita','OR','73142','',3,42,'2015-08-10','0000-00-00',49,0,20,'','','','','',1,1,2,2,0,'0000-00-00','0000-00-00','vagers','76498229db1024a919bbbebc3ce6feb702ed3cb6f115926ac5a677b43f387ba3c169dce72c75793f0e5301fe616a3645f71e011f4b21eb0dee6ec849c6d9d42d'),('Burt','Fredia','','','OK:OKC:HSKPG','79','','(281) 409-1669','(865) 131-0557','(725) 321-8737','FrediaB5480@bdiddy.com','FrediaBurt276@abiz.com',12,1,'36597 Spruce','','Port St. Lucie','ME','73112','',4,52,'2011-08-13','0000-00-00',146,0,20,'','','','','',1,1,1,1,0,'0000-00-00','0000-00-00','maguinaga','76498229db1024a919bbbebc3ce6feb702ed3cb6f115926ac5a677b43f387ba3c169dce72c75793f0e5301fe616a3645f71e011f4b21eb0dee6ec849c6d9d42d'),('Bender','Bianca','','','OK:OKC:HSKPG','79','','(103) 696-9747','(545) 271-0434','(395) 647-2654','BiancaB585@yahoo.com','BBender49@bdiddy.com',12,10,'45462 West Virginia','','Albany','AR','73112','',5,0,'2011-08-13','2015-04-29',146,0,20,'','','','','',0,1,0,0,0,'0000-00-00','0000-00-00','maguinaga1','76498229db1024a919bbbebc3ce6feb702ed3cb6f115926ac5a677b43f387ba3c169dce72c75793f0e5301fe616a3645f71e011f4b21eb0dee6ec849c6d9d42d'),('Duran','Carmelo','','','','','','(396) 678-0789','(900) 542-0618','(326) 612-7390','CDuran7212@hotmail.com','CDuran3779@abiz.com',11,4,'73682 Cypress','','Flint','AR','73132','',6,0,'2014-02-24','2014-03-09',0,0,20,'','','','','',0,1,0,0,0,'0000-00-00','0000-00-00','aalston','76498229db1024a919bbbebc3ce6feb702ed3cb6f115926ac5a677b43f387ba3c169dce72c75793f0e5301fe616a3645f71e011f4b21eb0dee6ec849c6d9d42d'),('Irwin','Bobbi','','','OK:OKC:HSKPG','','','(761) 577-3649','(909) 298-8600','(732) 327-3654','BobbiIrwin69@abiz.com','BobbiI118@bdiddy.com',7,2,'55154 Shore','','Reading','AL','73119','',7,0,'2010-07-23','2014-03-11',0,0,20,'','','','','',0,0,0,0,0,'0000-00-00','0000-00-00','marchan','76498229db1024a919bbbebc3ce6feb702ed3cb6f115926ac5a677b43f387ba3c169dce72c75793f0e5301fe616a3645f71e011f4b21eb0dee6ec849c6d9d42d'),('Acosta','Latoria','','','OK:OKC:HSKPG','','','(415) 558-4974','(665) 112-6016','(651) 175-3043','LatoriaA2303@bdiddy.com','LatoriaA5733@comcast.net',12,21,'88537 9th','','Deltona','FL','73109','',8,0,'2011-12-20','2014-03-24',0,0,20,'','','','','',0,0,0,0,0,'0000-00-00','0000-00-00','yarchan','76498229db1024a919bbbebc3ce6feb702ed3cb6f115926ac5a677b43f387ba3c169dce72c75793f0e5301fe616a3645f71e011f4b21eb0dee6ec849c6d9d42d'),('Daugherty','Callie','','','OK:OKC:LSGSAL','832','','(832) 741-6248','(930) 214-7105','(269) 445-3819','CDaugherty7399@hotmail.com','CallieDaugherty917@comcast.net',9,23,'48607 Evergreen','','Hampton','TN','73132','',9,42,'2014-08-13','0000-00-00',49,7,20,'','','','','',1,1,1,1,0,'0000-00-00','0000-00-00','barriola','76498229db1024a919bbbebc3ce6feb702ed3cb6f115926ac5a677b43f387ba3c169dce72c75793f0e5301fe616a3645f71e011f4b21eb0dee6ec849c6d9d42d'),('Rodgers','Trudi','','','OK:OKC:HSKPG','783','','(891) 381-8950','(980) 693-4141','(465) 890-5923','TRodgers4240@yahoo.com','TRodgers5351@gmail.com',5,31,'39370 13th','','Fort Smith','NY','73129','',10,0,'2012-09-29','0000-00-00',146,0,20,'','','','','',1,1,1,1,0,'0000-00-00','0000-00-00','yavalos','76498229db1024a919bbbebc3ce6feb702ed3cb6f115926ac5a677b43f387ba3c169dce72c75793f0e5301fe616a3645f71e011f4b21eb0dee6ec849c6d9d42d'),('Graves','Michal','','','OK:OKC:FDBEV','1005','','(433) 486-0123','(486) 326-3278','(669) 171-8491','MichalG9112@yahoo.com','MichalG2758@hotmail.com',2,24,'32469 Magnolia','','Berkeley','KS','73132','',11,0,'2014-10-15','2015-02-21',0,0,20,'','','','','',0,0,0,0,0,'0000-00-00','0000-00-00','tavery','76498229db1024a919bbbebc3ce6feb702ed3cb6f115926ac5a677b43f387ba3c169dce72c75793f0e5301fe616a3645f71e011f4b21eb0dee6ec849c6d9d42d'),('Buchanan','Michiko','','','','','','(816) 192-2836','(646) 551-6963','(360) 440-8092','MBuchanan5067@comcast.net','MichikoB4454@hotmail.com',5,29,'99191 Hillside','','Daly City','NJ','73132','',12,0,'2014-06-01','2014-09-02',0,0,20,'','','','','',0,0,0,0,0,'0000-00-00','0000-00-00','jbarker','76498229db1024a919bbbebc3ce6feb702ed3cb6f115926ac5a677b43f387ba3c169dce72c75793f0e5301fe616a3645f71e011f4b21eb0dee6ec849c6d9d42d'),('Willis','Izetta','','','OK:OKC:HSKPG','604','','(538) 234-5203','(636) 467-3868','(495) 438-5564','IzettaWillis608@yahoo.com','IWillis4776@gmail.com',7,6,'53841 Wood','','Sacramento','NE','73112','',13,0,'2010-05-19','0000-00-00',146,0,20,'','','','','',1,1,1,1,0,'0000-00-00','0000-00-00','cbecerra','76498229db1024a919bbbebc3ce6feb702ed3cb6f115926ac5a677b43f387ba3c169dce72c75793f0e5301fe616a3645f71e011f4b21eb0dee6ec849c6d9d42d'),('Ballard','Amada','','','OK:OKC:HSKPG','624','','(149) 735-0988','(384) 604-9295','(670) 258-8568','ABallard1444@hotmail.com','AmadaBallard40@abiz.com',9,9,'41552 Sixth','','Nashua','WI','73132','',14,50,'2010-07-25','0000-00-00',146,0,20,'','','','','',1,1,1,1,0,'0000-00-00','0000-00-00','mbecerra','76498229db1024a919bbbebc3ce6feb702ed3cb6f115926ac5a677b43f387ba3c169dce72c75793f0e5301fe616a3645f71e011f4b21eb0dee6ec849c6d9d42d'),('Randall','Elmer','','','','','','(173) 573-5144','(426) 542-2423','(522) 951-0083','ERandall6958@hotmail.com','ElmerR5577@comcast.net',4,17,'95422 Aspen','','Clearwater','MT','73106','',15,0,'2014-04-30','2014-05-08',0,0,20,'','','','','',0,1,0,0,0,'0000-00-00','0000-00-00','ebetancort','76498229db1024a919bbbebc3ce6feb702ed3cb6f115926ac5a677b43f387ba3c169dce72c75793f0e5301fe616a3645f71e011f4b21eb0dee6ec849c6d9d42d'),('Cross','Myles','','','OK:OKC:FDBEV','','','(258) 107-3337','(877) 614-8840','(222) 510-1364','MylesCross804@bdiddy.com','MylesCross333@aol.com',10,31,'38431 Orchard','','Laredo','FL','73120','',16,0,'2014-10-14','2014-10-27',0,0,20,'','','','','',0,0,0,0,0,'0000-00-00','0000-00-00','lbird','76498229db1024a919bbbebc3ce6feb702ed3cb6f115926ac5a677b43f387ba3c169dce72c75793f0e5301fe616a3645f71e011f4b21eb0dee6ec849c6d9d42d'),('Fischer','Lynette','','','OK:OKC:FDBEV','803','','(289) 156-7244','(127) 996-6998','(276) 394-4448','LFischer6074@gmail.com','LynetteFischer401@yahoo.com',2,16,'74697 New York','','Frederick','ND','73132','',17,39,'2014-05-05','0000-00-00',73,6,20,'','','','','',1,1,3,3,0,'0000-00-00','0000-00-00','sbradley','76498229db1024a919bbbebc3ce6feb702ed3cb6f115926ac5a677b43f387ba3c169dce72c75793f0e5301fe616a3645f71e011f4b21eb0dee6ec849c6d9d42d'),('Johns','Elna','','','OK:OKC:MAINT','609','','(307) 470-2264','(369) 275-2490','(404) 511-3939','ElnaJohns938@aol.com','ElnaJohns818@comcast.net',12,29,'83500 N 400','','Bonita Springs','VT','73127','',18,0,'2010-05-26','2015-05-26',0,0,20,'','','','','',0,0,0,0,0,'0000-00-00','0000-00-00','jbrazle','76498229db1024a919bbbebc3ce6feb702ed3cb6f115926ac5a677b43f387ba3c169dce72c75793f0e5301fe616a3645f71e011f4b21eb0dee6ec849c6d9d42d'),('Schultz','Alix','','','TX:AII:ACCTG','786','','(870) 753-1143','(584) 608-7698','(379) 967-2487','AlixS4175@aol.com','AlixSchultz98@comcast.net',5,23,'51456 Kahili','','Salem','CA','78745','',19,8,'2014-03-10','0000-00-00',73,1,4,'','','','','',1,1,1,1,0,'0000-00-00','0000-00-00','tbrogan','76498229db1024a919bbbebc3ce6feb702ed3cb6f115926ac5a677b43f387ba3c169dce72c75793f0e5301fe616a3645f71e011f4b21eb0dee6ec849c6d9d42d'),('Colon','Nona','','','OK:OKC:HSKPG','700','','(824) 786-4817','(889) 954-8276','(126) 690-7776','NonaColon179@abiz.com','NonaC4331@hotmail.com',2,14,'44730 Lakeview','','Peoria','NV','73127','',20,52,'2012-09-12','0000-00-00',146,0,20,'','','','','',1,1,1,1,0,'0000-00-00','0000-00-00','pbuz','76498229db1024a919bbbebc3ce6feb702ed3cb6f115926ac5a677b43f387ba3c169dce72c75793f0e5301fe616a3645f71e011f4b21eb0dee6ec849c6d9d42d'),('Abbott','Felicita','','','TX:USA:WRHSE','434','','(143) 655-1757','(416) 863-8736','(464) 131-7602','FelicitaA1360@gmail.com','FelicitaA3209@aol.com',5,26,'70660 10th','','Concord','CO','76028','',21,75,'2006-08-14','0000-00-00',199,16,0,'','','','','',1,1,1,1,0,'0000-00-00','0000-00-00','icardona','76498229db1024a919bbbebc3ce6feb702ed3cb6f115926ac5a677b43f387ba3c169dce72c75793f0e5301fe616a3645f71e011f4b21eb0dee6ec849c6d9d42d'),('Rocha','Joanna','','','OK:OKC:GRNDS','1067','','(189) 885-1932','(168) 983-0011','(123) 816-6990','JoannaR2952@bdiddy.com','JoannaRocha57@yahoo.com',5,18,'69370 Birch','Apt. #2701','Chattanooga','CO','73132','',22,54,'2015-08-14','0000-00-00',82,9,20,'','','','','',1,1,2,2,0,'0000-00-00','0000-00-00','icarrington','76498229db1024a919bbbebc3ce6feb702ed3cb6f115926ac5a677b43f387ba3c169dce72c75793f0e5301fe616a3645f71e011f4b21eb0dee6ec849c6d9d42d'),('Bernard','Shayla','','','OK:OKC:HSKPG','118','','(150) 145-1321','(661) 990-2939','(990) 956-5594','ShaylaB1383@aol.com','SBernard8290@abiz.com',12,9,'91226 Cherry','Apt. #5985','Syracuse','TN','73008','',23,52,'2012-07-02','0000-00-00',146,0,20,'','','','','',1,1,1,1,0,'0000-00-00','0000-00-00','acastillo','76498229db1024a919bbbebc3ce6feb702ed3cb6f115926ac5a677b43f387ba3c169dce72c75793f0e5301fe616a3645f71e011f4b21eb0dee6ec849c6d9d42d'),('Case','Jane','','','OK:OKC:PHONE','782','','(737) 354-7132','(577) 453-1517','(963) 742-4366','JaneC9133@comcast.net','JaneCase48@abiz.com',4,5,'50823 Hemlock','Apt. #7106','Rochester','MN','73132','',24,20,'2012-09-24','0000-00-00',207,0,20,'','','','','',1,1,1,1,0,'0000-00-00','0000-00-00','lchadwick','76498229db1024a919bbbebc3ce6feb702ed3cb6f115926ac5a677b43f387ba3c169dce72c75793f0e5301fe616a3645f71e011f4b21eb0dee6ec849c6d9d42d'),('Alvarado','Cordell','','','OK:OKC:CPATR','1049','','(917) 432-6297','(141) 273-5976','(528) 367-9085','CAlvarado3916@comcast.net','CAlvarado3500@abiz.com',10,24,'29463 Quail','Apt. #8992','Mission Viejo','CA','73034','',25,0,'2015-07-08','2015-07-27',0,0,20,'','','','','',0,1,0,0,0,'0000-00-00','0000-00-00','kchandler','76498229db1024a919bbbebc3ce6feb702ed3cb6f115926ac5a677b43f387ba3c169dce72c75793f0e5301fe616a3645f71e011f4b21eb0dee6ec849c6d9d42d'),('Mejia','Barbra','','','OK:OKC:GRNDS','1040','','(775) 816-8012','(155) 409-7579','(836) 512-3734','BarbraM2126@gmail.com','BarbraM5248@aol.com',5,4,'73079 Meadow','','Pasadena','ID','73127','',26,54,'2015-06-03','0000-00-00',82,9,20,'','','','','',1,1,1,1,0,'0000-00-00','0000-00-00','ccompton','76498229db1024a919bbbebc3ce6feb702ed3cb6f115926ac5a677b43f387ba3c169dce72c75793f0e5301fe616a3645f71e011f4b21eb0dee6ec849c6d9d42d'),('Cooper','Salome','','','TX:AII:ACCTG','1056','','(350) 725-5827','(438) 756-3215','(255) 585-2444','SalomeCooper407@gmail.com','SalomeC6333@abiz.com',2,22,'20313 Birch','Apt. #7170','Antioch','WY','78669','',27,16,'2015-07-29','0000-00-00',19,1,4,'','','','','',1,1,1,1,0,'0000-00-00','0000-00-00','jcoury','76498229db1024a919bbbebc3ce6feb702ed3cb6f115926ac5a677b43f387ba3c169dce72c75793f0e5301fe616a3645f71e011f4b21eb0dee6ec849c6d9d42d'),('Soto','India','','','','','','(826) 604-9849','(806) 866-0039','(871) 772-1657','IndiaS3097@gmail.com','IndiaSoto710@abiz.com',7,7,'95677 Apache','Apt. #7410','Amarillo','MA','73089','',28,0,'2013-10-30','2014-07-02',0,0,20,'','','','','',0,1,0,0,0,'0000-00-00','0000-00-00','jdavis','76498229db1024a919bbbebc3ce6feb702ed3cb6f115926ac5a677b43f387ba3c169dce72c75793f0e5301fe616a3645f71e011f4b21eb0dee6ec849c6d9d42d'),('Dickerson','Maegan','','','TX:TUC:ADMIN','277','','(460) 827-3227','(983) 242-0782','(244) 544-1038','MaeganD2318@yahoo.com','MDickerson3311@bdiddy.com',2,14,'3399 5th','','Oklahoma City','TN','75212','',29,5,'2004-09-14','0000-00-00',201,1,42,'','','','','',1,1,1,1,0,'0000-00-00','0000-00-00','sdavis','76498229db1024a919bbbebc3ce6feb702ed3cb6f115926ac5a677b43f387ba3c169dce72c75793f0e5301fe616a3645f71e011f4b21eb0dee6ec849c6d9d42d'),('Williams','Hulda','','','OK:OKC:ADMIN','720','','(434) 218-3691','(428) 365-1658','(527) 135-7740','HWilliams3527@gmail.com','HWilliams3744@hotmail.com',5,15,'48011 Meadow','Apt. #752','Fort Smith','MI','73069','',30,5,'2013-06-17','0000-00-00',207,0,20,'','','','','',1,1,1,1,0,'0000-00-00','0000-00-00','adenson','76498229db1024a919bbbebc3ce6feb702ed3cb6f115926ac5a677b43f387ba3c169dce72c75793f0e5301fe616a3645f71e011f4b21eb0dee6ec849c6d9d42d'),('Romero','Mertie','','','OK:OKC:CPATR','1048','','(495) 540-2661','(670) 323-9550','(789) 844-0517','MertieRomero265@bdiddy.com','MRomero9771@comcast.net',9,28,'92690 Lincoln','','Tallahassee','OR','73142','',31,0,'2015-07-01','2015-07-09',0,0,20,'','','','','',0,0,0,0,0,'0000-00-00','0000-00-00','bdixon','76498229db1024a919bbbebc3ce6feb702ed3cb6f115926ac5a677b43f387ba3c169dce72c75793f0e5301fe616a3645f71e011f4b21eb0dee6ec849c6d9d42d'),('Mckenzie','Johnsie','','','OK:OKC:MAINT','515','','(851) 863-6485','(917) 715-7516','(863) 493-7765','JohnsieM8572@aol.com','JohnsieM4421@yahoo.com',5,4,'22426 Walnut','Apt. #9244','Irving','GA','73142','',32,0,'2009-03-30','2015-06-06',0,0,20,'','','','','',0,1,0,0,0,'0000-00-00','0000-00-00','ddoss','76498229db1024a919bbbebc3ce6feb702ed3cb6f115926ac5a677b43f387ba3c169dce72c75793f0e5301fe616a3645f71e011f4b21eb0dee6ec849c6d9d42d'),('Macias','Jutta','','','','','','(263) 145-5730','(679) 952-9109','(187) 732-5515','JMacias637@bdiddy.com','JuttaM8946@gmail.com',2,21,'32997 S 100','Apt. #8099','Sioux City','DE','73132','',33,0,'2013-08-05','2014-02-27',0,0,20,'','','','','',0,0,0,0,0,'0000-00-00','0000-00-00','jedgmon','76498229db1024a919bbbebc3ce6feb702ed3cb6f115926ac5a677b43f387ba3c169dce72c75793f0e5301fe616a3645f71e011f4b21eb0dee6ec849c6d9d42d'),('Barnett','Ernestina','','','OK:OKC:MAINT','702','','(976) 667-6595','(996) 746-2820','(923) 726-5102','EBarnett8523@gmail.com','EBarnett8403@yahoo.com',4,22,'79975 Laurel','','Lowell','LA','73132','',34,58,'2012-09-12','0000-00-00',197,0,20,'','','','','',1,1,1,1,0,'0000-00-00','0000-00-00','dedwards','76498229db1024a919bbbebc3ce6feb702ed3cb6f115926ac5a677b43f387ba3c169dce72c75793f0e5301fe616a3645f71e011f4b21eb0dee6ec849c6d9d42d'),('William','Silva','','','OK:OKC:GRNDS','1050','','(502) 487-5042','(698) 976-3428','(223) 657-1094','SWilliam2492@hotmail.com','SilvaW6283@abiz.com',1,28,'16714 West Virginia','Apt. #8763','Waterbury','NE','73132','',35,0,'2015-06-29','2015-08-14',82,0,20,'','','','','',0,1,0,0,0,'0000-00-00','0000-00-00','jedwards','76498229db1024a919bbbebc3ce6feb702ed3cb6f115926ac5a677b43f387ba3c169dce72c75793f0e5301fe616a3645f71e011f4b21eb0dee6ec849c6d9d42d'),('Roy','Kecia','','','OK:OKC:GSERV','','','(145) 666-5165','(713) 225-4685','(736) 178-6499','KRoy6730@aol.com','KRoy9576@aol.com',5,10,'96480 Second','Apt. #7780','Yakima','NY','73099','',36,19,'2014-04-30','2014-10-18',0,0,20,'','','','','',0,0,0,0,0,'0000-00-00','0000-00-00','zedwards','76498229db1024a919bbbebc3ce6feb702ed3cb6f115926ac5a677b43f387ba3c169dce72c75793f0e5301fe616a3645f71e011f4b21eb0dee6ec849c6d9d42d'),('Lawson','Marlen','','','OK:OKC:FDBEV','584','','(611) 659-5747','(735) 336-1867','(732) 959-7116','MarlenL2272@gmail.com','MarlenL51@abiz.com',2,11,'20651 Pleasant','Apt. #8783','Torrance','OH','73132','',37,0,'2010-01-25','0000-00-00',73,0,20,'','','','','',1,1,1,1,0,'0000-00-00','0000-00-00','mespinoza','76498229db1024a919bbbebc3ce6feb702ed3cb6f115926ac5a677b43f387ba3c169dce72c75793f0e5301fe616a3645f71e011f4b21eb0dee6ec849c6d9d42d'),('Fisher','Vanna','','','TX:USA:ADMIN','511','','(153) 209-6959','(446) 446-9315','(477) 507-3337','VFisher966@abiz.com','VFisher9797@hotmail.com',11,19,'43802 Elm','','Boise City','AL','76040','',38,15,'2006-05-01','0000-00-00',199,1,20,'','','','','',1,1,1,1,0,'0000-00-00','0000-00-00','mestella','76498229db1024a919bbbebc3ce6feb702ed3cb6f115926ac5a677b43f387ba3c169dce72c75793f0e5301fe616a3645f71e011f4b21eb0dee6ec849c6d9d42d'),('Beasley','Annett','','','','','','(684) 972-2778','(603) 890-6172','(869) 516-7622','ABeasley9897@hotmail.com','AnnettB3826@comcast.net',7,8,'25426 S 400','','Pompano Beach','MI','73122','',39,0,'2010-09-25','2014-07-02',0,0,20,'','','','','',0,1,0,0,0,'0000-00-00','0000-00-00','aestrada','76498229db1024a919bbbebc3ce6feb702ed3cb6f115926ac5a677b43f387ba3c169dce72c75793f0e5301fe616a3645f71e011f4b21eb0dee6ec849c6d9d42d'),('Anthony','Stanton','','','OK:OKC:CAPMP','1018','','(379) 656-0534','(608) 166-7244','(427) 675-7158','SAnthony9510@aol.com','SAnthony5633@bdiddy.com',7,15,'1032 S 400','Apt. #8392','Elizabeth','RI','73107','',40,17,'2015-01-26','0000-00-00',206,1,20,'','','','','',1,1,1,1,0,'0000-00-00','0000-00-00','jestrada','76498229db1024a919bbbebc3ce6feb702ed3cb6f115926ac5a677b43f387ba3c169dce72c75793f0e5301fe616a3645f71e011f4b21eb0dee6ec849c6d9d42d'),('Cain','Ebony','','','OK:OKC:HSKPG','93','','(494) 233-3983','(213) 279-0155','(812) 503-6283','ECain7430@hotmail.com','EbonyCain669@bdiddy.com',11,4,'32731 S 100','','Simi Valley','TX','73107','',41,0,'2011-12-24','0000-00-00',146,0,20,'','','','','',1,1,1,1,0,'0000-00-00','0000-00-00','mestrada','76498229db1024a919bbbebc3ce6feb702ed3cb6f115926ac5a677b43f387ba3c169dce72c75793f0e5301fe616a3645f71e011f4b21eb0dee6ec849c6d9d42d'),('Mcfadden','Pia','','','OK:OKC:FDBEV','1016','','(896) 900-6063','(545) 428-7674','(693) 469-1789','PiaMcfadden312@bdiddy.com','PiaMcfadden603@hotmail.com',3,19,'70327 Redwood','','Springdale','KY','73132','',42,37,'2015-01-21','0000-00-00',73,0,20,'','','','','',1,1,1,1,0,'0000-00-00','0000-00-00','hflores','76498229db1024a919bbbebc3ce6feb702ed3cb6f115926ac5a677b43f387ba3c169dce72c75793f0e5301fe616a3645f71e011f4b21eb0dee6ec849c6d9d42d'),('English','Laure','','','','','','(611) 728-2164','(374) 155-3084','(698) 733-2498','LaureEnglish875@hotmail.com','LEnglish4598@hotmail.com',11,17,'93892 Airport','','Racine','MI','73105','',43,0,'2014-08-08','2014-09-19',0,0,20,'','','','','',0,0,0,0,0,'0000-00-00','0000-00-00','sfrazier','76498229db1024a919bbbebc3ce6feb702ed3cb6f115926ac5a677b43f387ba3c169dce72c75793f0e5301fe616a3645f71e011f4b21eb0dee6ec849c6d9d42d'),('Jones','Antone','','','','','','(676) 578-4225','(783) 766-3485','(998) 111-3548','AJones5191@bdiddy.com','AntoneJones325@aol.com',10,26,'94300 Hemlock','Apt. #8804','Monroe','RI','73132','',44,0,'2014-01-06','2014-02-02',0,0,20,'','','','','',0,1,0,0,0,'0000-00-00','0000-00-00','cfulbright','76498229db1024a919bbbebc3ce6feb702ed3cb6f115926ac5a677b43f387ba3c169dce72c75793f0e5301fe616a3645f71e011f4b21eb0dee6ec849c6d9d42d'),('Vega','Pearline','','','OK:OKC:HSKPG','701','','(494) 540-0395','(343) 670-9655','(192) 107-6975','PearlineV9211@hotmail.com','PVega4598@abiz.com',3,20,'7682 1st','Apt. #7354','Arlington','MA','73132','',45,52,'2012-09-09','0000-00-00',146,0,20,'','','','','',1,1,1,1,0,'0000-00-00','0000-00-00','cgarcia','76498229db1024a919bbbebc3ce6feb702ed3cb6f115926ac5a677b43f387ba3c169dce72c75793f0e5301fe616a3645f71e011f4b21eb0dee6ec849c6d9d42d'),('Hendricks','Bernarda','','','TX:USA:WRHSE','303','','(339) 762-6394','(417) 947-9599','(363) 892-9960','BernardaHendricks731@abiz.com','BernardaHendricks441@aol.com',8,26,'78467 Hampton','','South Lyon','IL','75061','',46,73,'2006-12-11','0000-00-00',199,16,0,'','','','','',1,1,1,1,0,'0000-00-00','0000-00-00','jgarcia','76498229db1024a919bbbebc3ce6feb702ed3cb6f115926ac5a677b43f387ba3c169dce72c75793f0e5301fe616a3645f71e011f4b21eb0dee6ec849c6d9d42d'),('Pope','Lincoln','','','TX:USA:WRHSE','588','','(333) 743-7473','(300) 419-9284','(356) 394-8692','LPope75@aol.com','LincolnPope791@bdiddy.com',5,30,'44553 3rd','Apt. #875','Chattanooga','TX','75061','',47,73,'2007-10-17','0000-00-00',199,16,0,'','','','','',1,1,1,1,0,'0000-00-00','0000-00-00','jgarcia1','76498229db1024a919bbbebc3ce6feb702ed3cb6f115926ac5a677b43f387ba3c169dce72c75793f0e5301fe616a3645f71e011f4b21eb0dee6ec849c6d9d42d'),('Mills','Luann','','','OK:OKC:GSERV','738','','(429) 255-7794','(415) 697-2769','(456) 920-1473','LuannMills955@abiz.com','LMills6910@gmail.com',11,19,'28420 Wilson','','Vallejo','UT','73162','',48,44,'2013-09-16','2015-06-08',49,7,20,'','','','','',0,1,0,0,0,'0000-00-00','0000-00-00','agarrett','76498229db1024a919bbbebc3ce6feb702ed3cb6f115926ac5a677b43f387ba3c169dce72c75793f0e5301fe616a3645f71e011f4b21eb0dee6ec849c6d9d42d'),('Lowery','Frances','','','OK:OKC:GSERV','687','','(992) 325-1317','(616) 429-3700','(894) 606-7563','FLowery731@hotmail.com','FLowery276@abiz.com',11,21,'85332 Pecan','','Santa Clarita','SC','73142','',49,43,'2009-09-29','0000-00-00',207,7,20,'','','','','',1,1,1,1,0,'0000-00-00','0000-00-00','sgibbs','76498229db1024a919bbbebc3ce6feb702ed3cb6f115926ac5a677b43f387ba3c169dce72c75793f0e5301fe616a3645f71e011f4b21eb0dee6ec849c6d9d42d'),('Knapp','Marlin','','','OK:OKC:GSERV','1036','','(439) 888-0254','(478) 657-4903','(152) 942-7365','MKnapp6672@aol.com','MarlinKnapp123@gmail.com',9,22,'36268 Cottonwood','Apt. #9218','North Port','WY','73142','',50,42,'2015-06-01','0000-00-00',49,0,20,'','','','','',1,1,3,3,0,'0000-00-00','0000-00-00','sgibbs1','76498229db1024a919bbbebc3ce6feb702ed3cb6f115926ac5a677b43f387ba3c169dce72c75793f0e5301fe616a3645f71e011f4b21eb0dee6ec849c6d9d42d'),('Campos','Bernarda','','','OK:OKC:ADMIN','764','','(679) 384-9258','(132) 648-8964','(601) 929-9613','BCampos3138@hotmail.com','BernardaC8790@abiz.com',4,27,'4287 Sycamore','','West Valley City','OK','73083','',51,2,'2015-07-23','0000-00-00',30,1,20,'','','','','',1,1,2,2,0,'0000-00-00','0000-00-00','dgilbert','76498229db1024a919bbbebc3ce6feb702ed3cb6f115926ac5a677b43f387ba3c169dce72c75793f0e5301fe616a3645f71e011f4b21eb0dee6ec849c6d9d42d'),('Dixon','Arla','','','OK:OKC:HSKPG','1070','','(412) 831-7565','(415) 323-4447','(235) 930-0311','ArlaD8353@bdiddy.com','ArlaD5493@hotmail.com',2,11,'52380 N 400','','Poughkeepsie','CT','73122','',52,52,'2015-08-23','0000-00-00',146,0,20,'','','','','',1,1,2,2,0,'0000-00-00','0000-00-00','mgonzalez','76498229db1024a919bbbebc3ce6feb702ed3cb6f115926ac5a677b43f387ba3c169dce72c75793f0e5301fe616a3645f71e011f4b21eb0dee6ec849c6d9d42d'),('Benson','Stefanie','','','OK:OKC:LSGSAL','821','','(137) 641-8263','(328) 659-3711','(970) 998-0753','StefanieB7013@comcast.net','SBenson8613@aol.com',3,19,'65211 Ninth','Apt. #6170','Panama City','IN','73132','',53,68,'2014-07-23','0000-00-00',207,0,20,'','','','','',1,1,1,1,0,'0000-00-00','0000-00-00','bgraham','76498229db1024a919bbbebc3ce6feb702ed3cb6f115926ac5a677b43f387ba3c169dce72c75793f0e5301fe616a3645f71e011f4b21eb0dee6ec849c6d9d42d'),('Good','Emmie','','','OK:OKC:FDBEV','1017','','(763) 605-9924','(543) 419-6999','(266) 912-1246','EmmieGood123@hotmail.com','EmmieG8360@gmail.com',5,12,'69154 A','Apt. #8960','San Diego','SC','73122','',54,0,'2015-01-19','2015-01-21',73,0,20,'','','','','',0,0,0,0,0,'0000-00-00','0000-00-00','jgriffin','76498229db1024a919bbbebc3ce6feb702ed3cb6f115926ac5a677b43f387ba3c169dce72c75793f0e5301fe616a3645f71e011f4b21eb0dee6ec849c6d9d42d'),('Tillman','Remona','','','TX:USA:ACCTG','629','','(456) 366-4766','(384) 907-0670','(952) 951-4162','RemonaTillman308@yahoo.com','RemonaTillman887@bdiddy.com',9,30,'15008 6th','','Tuscaloosa','NC','76117','',55,2,'2010-09-13','0000-00-00',199,0,0,'','','','','',1,1,1,1,0,'0000-00-00','0000-00-00','lguerra','76498229db1024a919bbbebc3ce6feb702ed3cb6f115926ac5a677b43f387ba3c169dce72c75793f0e5301fe616a3645f71e011f4b21eb0dee6ec849c6d9d42d'),('Jimenez','Pamela','','','OK:OKC:FDBEV','717','','(953) 281-8831','(566) 720-6590','(928) 312-4524','PJimenez3426@aol.com','PamelaJ4855@yahoo.com',1,28,'26784 Bay','Apt. #1701','Huntington Beach','MD','73132','',56,38,'2013-06-06','0000-00-00',73,6,20,'','','','','',1,1,1,1,0,'0000-00-00','0000-00-00','dhall','76498229db1024a919bbbebc3ce6feb702ed3cb6f115926ac5a677b43f387ba3c169dce72c75793f0e5301fe616a3645f71e011f4b21eb0dee6ec849c6d9d42d'),('Anderson','Cammy','','','OK:OKC:CPATR','799','','(872) 495-2031','(665) 863-2101','(284) 500-9366','CammyA7239@gmail.com','CAnderson4635@comcast.net',4,15,'39798 Canyon','','Richland','IA','73132','',57,23,'2014-04-16','0000-00-00',59,3,20,'','','','','',1,1,1,1,0,'0000-00-00','0000-00-00','thalliburton','76498229db1024a919bbbebc3ce6feb702ed3cb6f115926ac5a677b43f387ba3c169dce72c75793f0e5301fe616a3645f71e011f4b21eb0dee6ec849c6d9d42d'),('Bond','William','','','OK:OKC:MAINT','760','','(728) 695-3704','(773) 562-5195','(444) 263-3316','WilliamB7057@abiz.com','WBond9950@comcast.net',10,25,'24087 5th','','Stamford','AL','73064','',58,0,'2013-05-22','0000-00-00',197,0,20,'','','','','',1,1,1,1,0,'0000-00-00','0000-00-00','rhammer','76498229db1024a919bbbebc3ce6feb702ed3cb6f115926ac5a677b43f387ba3c169dce72c75793f0e5301fe616a3645f71e011f4b21eb0dee6ec849c6d9d42d'),('Gentry','Cynthia','','','OK:OKC:CPATR','726','','(234) 875-9588','(501) 854-7615','(612) 693-3298','CGentry9378@yahoo.com','CynthiaG3094@yahoo.com',9,18,'38524 3rd','Apt. #123','Arlington','OR','73132','',59,24,'2013-07-09','0000-00-00',207,3,20,'','','','','',1,1,1,1,0,'0000-00-00','0000-00-00','mhankins','76498229db1024a919bbbebc3ce6feb702ed3cb6f115926ac5a677b43f387ba3c169dce72c75793f0e5301fe616a3645f71e011f4b21eb0dee6ec849c6d9d42d'),('Santana','Lane','','','','','','(970) 220-4367','(113) 383-5487','(498) 953-0123','LSantana9472@comcast.net','LaneS1823@bdiddy.com',4,4,'43295 Narragansett','','Jefferson','NJ','73505','',60,0,'2014-02-25','2014-04-20',0,0,20,'','','','','',0,0,0,0,0,'0000-00-00','0000-00-00','bhanson','76498229db1024a919bbbebc3ce6feb702ed3cb6f115926ac5a677b43f387ba3c169dce72c75793f0e5301fe616a3645f71e011f4b21eb0dee6ec849c6d9d42d'),('Sutton','Janna','','','OK:OKC:GRNDS','1062','','(639) 362-4447','(179) 989-4518','(518) 446-0818','JSutton9972@yahoo.com','JSutton8577@aol.com',3,1,'15147 Delaware','Apt. #9221','Pasadena','OH','73128','',61,54,'2015-07-30','2015-08-15',82,9,20,'','','','','',0,0,0,0,0,'0000-00-00','0000-00-00','jharrison','76498229db1024a919bbbebc3ce6feb702ed3cb6f115926ac5a677b43f387ba3c169dce72c75793f0e5301fe616a3645f71e011f4b21eb0dee6ec849c6d9d42d'),('Dale','Scottie','','','OK:OKC:GRNDS','1041','','(541) 563-3378','(943) 866-5265','(601) 221-7579','ScottieDale926@hotmail.com','SDale2955@yahoo.com',7,31,'24622 A','','Scranton','MA','73162','',62,54,'2015-06-12','2015-08-15',82,9,20,'','','','','',0,0,0,0,0,'0000-00-00','0000-00-00','mharshaw','76498229db1024a919bbbebc3ce6feb702ed3cb6f115926ac5a677b43f387ba3c169dce72c75793f0e5301fe616a3645f71e011f4b21eb0dee6ec849c6d9d42d'),('Pittman','Tarra','','','TX:AII:ACCTG','1002','','(736) 611-5808','(847) 394-4808','(996) 674-1355','TPittman8705@hotmail.com','TarraPittman884@aol.com',8,21,'18622 New Hampshire','Apt. #5411','Santa Barbara','UT','78749','',63,13,'2014-10-21','2015-03-11',0,1,20,'','','','','',0,1,0,0,0,'0000-00-00','0000-00-00','shart','76498229db1024a919bbbebc3ce6feb702ed3cb6f115926ac5a677b43f387ba3c169dce72c75793f0e5301fe616a3645f71e011f4b21eb0dee6ec849c6d9d42d'),('Salinas','Antone','','','','','','(275) 481-1520','(543) 567-9827','(475) 860-2490','AntoneSalinas486@abiz.com','AntoneS6553@aol.com',12,23,'17168 Aloha','','Grayslake','ME','73103','',64,0,'2014-05-20','2014-07-13',0,0,20,'','','','','',0,0,0,0,0,'0000-00-00','0000-00-00','wheard','76498229db1024a919bbbebc3ce6feb702ed3cb6f115926ac5a677b43f387ba3c169dce72c75793f0e5301fe616a3645f71e011f4b21eb0dee6ec849c6d9d42d'),('Gilliam','Dessie','','','OK:OKC:CPATR','1025','','(935) 695-7889','(247) 751-7982','(675) 106-7733','DGilliam1619@abiz.com','DessieGilliam604@comcast.net',3,21,'19410 Thirteenth','','Lorain','MD','73121','',65,0,'2015-03-26','2015-04-23',59,0,20,'','','','','',0,0,0,0,0,'0000-00-00','0000-00-00','ahenderson','76498229db1024a919bbbebc3ce6feb702ed3cb6f115926ac5a677b43f387ba3c169dce72c75793f0e5301fe616a3645f71e011f4b21eb0dee6ec849c6d9d42d'),('Nguyen','Julianne','','','OK:OKC:CPATR','1022','','(551) 998-3273','(457) 487-1679','(505) 657-5527','JNguyen7292@bdiddy.com','JulianneNguyen832@comcast.net',2,2,'60423 Hampton','','Arlington','AK','73132','',66,0,'2015-03-08','2015-04-23',59,0,20,'','','','','',0,0,0,0,0,'0000-00-00','0000-00-00','mhenderson','76498229db1024a919bbbebc3ce6feb702ed3cb6f115926ac5a677b43f387ba3c169dce72c75793f0e5301fe616a3645f71e011f4b21eb0dee6ec849c6d9d42d'),('Knowles','Jospeh','','','','','','(415) 672-7413','(214) 393-1381','(433) 379-2202','JKnowles9287@yahoo.com','JospehK7812@abiz.com',9,20,'12259 North Carolina','Apt. #7605','Moreno Valley','MA','73132','',67,0,'2013-01-01','2014-01-17',0,0,20,'','','','','',0,1,0,0,0,'0000-00-00','0000-00-00','whenderson','76498229db1024a919bbbebc3ce6feb702ed3cb6f115926ac5a677b43f387ba3c169dce72c75793f0e5301fe616a3645f71e011f4b21eb0dee6ec849c6d9d42d'),('Alvarez','Alysha','','','','','','(192) 798-2312','(560) 540-4451','(955) 983-7560','AAlvarez4447@yahoo.com','AAlvarez7468@yahoo.com',2,15,'62031 Aspen','Apt. #4305','Ann Arbor','CO','73108','',68,0,'2013-08-27','2014-01-31',0,0,20,'','','','','',0,1,0,0,0,'0000-00-00','0000-00-00','dhernandez','76498229db1024a919bbbebc3ce6feb702ed3cb6f115926ac5a677b43f387ba3c169dce72c75793f0e5301fe616a3645f71e011f4b21eb0dee6ec849c6d9d42d'),('Mendez','Rhoda','','','OK:OKC:HSKPG','51','','(133) 545-9710','(555) 418-2105','(439) 360-5559','RhodaM7222@bdiddy.com','RMendez7844@abiz.com',10,9,'46449 Meadow','','Memphis','KS','73132','',69,52,'2010-12-04','0000-00-00',146,0,20,'','','','','',1,1,1,1,0,'0000-00-00','0000-00-00','ehernandez','76498229db1024a919bbbebc3ce6feb702ed3cb6f115926ac5a677b43f387ba3c169dce72c75793f0e5301fe616a3645f71e011f4b21eb0dee6ec849c6d9d42d'),('Hodge','Francene','','','OK:OKC:CAPMP','1013','','(822) 200-0028','(882) 908-9214','(853) 472-6350','FranceneH4038@comcast.net','FranceneHodge79@bdiddy.com',8,19,'44701 Ridge','','Miramar','NJ','73132','',70,60,'2015-01-01','0000-00-00',206,1,20,'','','','','',1,1,1,1,0,'0000-00-00','0000-00-00','jhernandez','76498229db1024a919bbbebc3ce6feb702ed3cb6f115926ac5a677b43f387ba3c169dce72c75793f0e5301fe616a3645f71e011f4b21eb0dee6ec849c6d9d42d'),('Jacobs','Helen','','','TX:USA:WRHSE','319','','(498) 549-1043','(964) 917-1862','(720) 501-6051','HJacobs4732@aol.com','HelenJ1739@aol.com',5,15,'17432 First','','Sebastian','MA','75061','',71,73,'2007-07-02','0000-00-00',199,16,0,'','','','','',1,1,2,2,0,'0000-00-00','0000-00-00','thernandez','76498229db1024a919bbbebc3ce6feb702ed3cb6f115926ac5a677b43f387ba3c169dce72c75793f0e5301fe616a3645f71e011f4b21eb0dee6ec849c6d9d42d'),('Todd','Lesli','','','TX:USA:WRHSE','597','','(660) 962-3264','(546) 427-3680','(790) 796-3995','LTodd2406@aol.com','LesliT5300@aol.com',9,11,'44798 New York','','Milwaukee','WV','75061','',72,71,'2010-03-18','0000-00-00',199,16,0,'','','','','',1,1,2,2,0,'0000-00-00','0000-00-00','yhernandez','76498229db1024a919bbbebc3ce6feb702ed3cb6f115926ac5a677b43f387ba3c169dce72c75793f0e5301fe616a3645f71e011f4b21eb0dee6ec849c6d9d42d'),('Ratliff','Mercedes','','','OK:OKC:FDBEV','689','','(160) 183-5372','(794) 176-3558','(680) 798-7492','MRatliff9955@hotmail.com','MRatliff9753@comcast.net',7,10,'36579 10th','','Detroit','TN','73132','',73,36,'2011-06-03','0000-00-00',207,6,20,'','','','','',1,1,1,1,0,'0000-00-00','0000-00-00','dhibbard','76498229db1024a919bbbebc3ce6feb702ed3cb6f115926ac5a677b43f387ba3c169dce72c75793f0e5301fe616a3645f71e011f4b21eb0dee6ec849c6d9d42d'),('Gray','Renay','','','TX:AII:ACCTG','1024','','(236) 302-2832','(862) 485-8768','(741) 882-4245','RenayGray783@bdiddy.com','RenayG3062@gmail.com',12,12,'36012 County Line','','Sterling Heights','FL','78705','',74,13,'2015-03-30','2015-08-28',0,1,4,'','','','','',0,1,0,0,0,'0000-00-00','0000-00-00','khirouji','76498229db1024a919bbbebc3ce6feb702ed3cb6f115926ac5a677b43f387ba3c169dce72c75793f0e5301fe616a3645f71e011f4b21eb0dee6ec849c6d9d42d'),('Swanson','Trisha','','','OK:OKC:GSERV','','','(294) 767-5662','(234) 877-7797','(148) 927-0415','TrishaS7202@aol.com','TrishaSwanson657@comcast.net',4,22,'72156 N 400','','Tulsa','MN','73132','',75,0,'2014-09-23','2014-11-11',0,0,20,'','','','','',0,0,0,0,0,'0000-00-00','0000-00-00','jhopkins','76498229db1024a919bbbebc3ce6feb702ed3cb6f115926ac5a677b43f387ba3c169dce72c75793f0e5301fe616a3645f71e011f4b21eb0dee6ec849c6d9d42d'),('Chang','Tenisha','','','OK:OKC:PHONE','1010','','(550) 548-7491','(889) 961-2076','(696) 697-7525','TenishaC9908@hotmail.com','TenishaChang37@gmail.com',8,8,'8382 Park','','Naperville','OR','73132','',76,19,'2014-12-22','0000-00-00',24,0,20,'','','','','',1,1,1,1,0,'0000-00-00','0000-00-00','mhouse','76498229db1024a919bbbebc3ce6feb702ed3cb6f115926ac5a677b43f387ba3c169dce72c75793f0e5301fe616a3645f71e011f4b21eb0dee6ec849c6d9d42d'),('Cardenas','Lizzette','','','OK:OKC:GRNDS','1037','','(445) 379-1883','(376) 420-1858','(424) 414-1436','LizzetteC5792@aol.com','LizzetteC4645@bdiddy.com',1,15,'5423 Lake','','South Lyon','DC','73135','',77,54,'2015-06-01','0000-00-00',82,9,20,'','','','','',1,1,1,1,0,'0000-00-00','0000-00-00','ohudson','76498229db1024a919bbbebc3ce6feb702ed3cb6f115926ac5a677b43f387ba3c169dce72c75793f0e5301fe616a3645f71e011f4b21eb0dee6ec849c6d9d42d'),('Davenport','Danielle','','','','','','(398) 124-3012','(971) 744-3130','(734) 228-9916','DanielleDavenport702@comcast.net','DDavenport6886@yahoo.com',9,30,'96452 Hickory','','Shreveport','WI','73132','',78,0,'2014-01-24','2014-08-14',0,0,20,'','','','','',0,0,0,0,0,'0000-00-00','0000-00-00','kirish','76498229db1024a919bbbebc3ce6feb702ed3cb6f115926ac5a677b43f387ba3c169dce72c75793f0e5301fe616a3645f71e011f4b21eb0dee6ec849c6d9d42d'),('Cooley','Tessie','','','','','','(206) 561-4743','(711) 507-0970','(551) 910-3641','TCooley3550@bdiddy.com','TessieCooley99@hotmail.com',1,26,'50792 Pleasant','','Dayton','OK','73112','',79,0,'2014-04-28','2014-08-29',0,0,20,'','','','','',0,1,0,0,0,'0000-00-00','0000-00-00','jjacobs','76498229db1024a919bbbebc3ce6feb702ed3cb6f115926ac5a677b43f387ba3c169dce72c75793f0e5301fe616a3645f71e011f4b21eb0dee6ec849c6d9d42d'),('Byrd','Milo','','','','','','(329) 868-6780','(451) 871-2226','(219) 692-0542','MByrd8192@bdiddy.com','MByrd8873@abiz.com',9,29,'99177 Williams','','Huntington','WV','73122','',80,0,'2014-02-04','2014-02-13',0,0,20,'','','','','',0,1,0,0,0,'0000-00-00','0000-00-00','sjohnson','76498229db1024a919bbbebc3ce6feb702ed3cb6f115926ac5a677b43f387ba3c169dce72c75793f0e5301fe616a3645f71e011f4b21eb0dee6ec849c6d9d42d'),('Roberts','Hildegarde','','','OK:OKC:MAINT','789','','(109) 271-7298','(486) 453-7432','(188) 214-8198','HildegardeRoberts714@comcast.net','HRoberts4550@gmail.com',10,20,'624 Ridge','Apt. #9616','Sioux City','RI','73132','',81,0,'2012-09-24','0000-00-00',197,0,20,'','','','','',1,1,1,1,0,'0000-00-00','0000-00-00','sjones','76498229db1024a919bbbebc3ce6feb702ed3cb6f115926ac5a677b43f387ba3c169dce72c75793f0e5301fe616a3645f71e011f4b21eb0dee6ec849c6d9d42d'),('Horne','Carolina','','','OK:OKC:GRNDS','1015','','(220) 570-9494','(937) 497-8226','(526) 395-7491','CarolinaH7532@yahoo.com','CHorne747@bdiddy.com',12,18,'42115 Pecan','Apt. #2002','Grand Rapids','IL','73070','',82,55,'2015-04-30','0000-00-00',207,9,20,'','','','','',1,1,1,1,0,'0000-00-00','0000-00-00','ejulian','76498229db1024a919bbbebc3ce6feb702ed3cb6f115926ac5a677b43f387ba3c169dce72c75793f0e5301fe616a3645f71e011f4b21eb0dee6ec849c6d9d42d'),('Santiago','Ashly','','','OK:OKC:GRNDS','1045','','(176) 955-7101','(502) 934-9369','(100) 276-3992','AshlySantiago305@abiz.com','AshlySantiago457@yahoo.com',10,9,'65200 Hill','Apt. #7837','Raleigh','GA','73159','',83,54,'2015-06-23','0000-00-00',82,9,20,'','','','','',1,1,1,1,0,'0000-00-00','0000-00-00','dkennedy','76498229db1024a919bbbebc3ce6feb702ed3cb6f115926ac5a677b43f387ba3c169dce72c75793f0e5301fe616a3645f71e011f4b21eb0dee6ec849c6d9d42d'),('Cleveland','Sherman','','','','','','(908) 907-5631','(484) 476-0181','(960) 591-9963','ShermanC8931@yahoo.com','ShermanC9338@abiz.com',7,20,'50484 New Hampshire','','Atlanta','MT','73127','',84,0,'2014-04-29','2014-06-14',0,0,20,'','','','','',0,1,0,0,0,'0000-00-00','0000-00-00','rkissick','76498229db1024a919bbbebc3ce6feb702ed3cb6f115926ac5a677b43f387ba3c169dce72c75793f0e5301fe616a3645f71e011f4b21eb0dee6ec849c6d9d42d'),('Langley','Rocky','','','OK:OKC:SALES','155','','(151) 692-0645','(764) 195-4897','(755) 914-6198','RockyLangley776@yahoo.com','RLangley6274@hotmail.com',4,25,'41289 South Carolina','','Yakima','TX','73130','',85,29,'2010-11-17','0000-00-00',207,0,20,'','','','','',1,1,2,2,0,'0000-00-00','0000-00-00','kkoon','76498229db1024a919bbbebc3ce6feb702ed3cb6f115926ac5a677b43f387ba3c169dce72c75793f0e5301fe616a3645f71e011f4b21eb0dee6ec849c6d9d42d'),('Fry','Chandra','','','','','','(902) 690-2727','(384) 122-8855','(112) 400-8877','ChandraF3082@aol.com','CFry5903@gmail.com',5,27,'1283 Malulani','','New Haven','LA','73084','',86,0,'2013-12-14','2014-05-13',0,0,20,'','','','','',0,1,0,0,0,'0000-00-00','0000-00-00','slacue','76498229db1024a919bbbebc3ce6feb702ed3cb6f115926ac5a677b43f387ba3c169dce72c75793f0e5301fe616a3645f71e011f4b21eb0dee6ec849c6d9d42d'),('Webb','Margrett','','','','','','(156) 901-9287','(417) 263-4370','(170) 887-1612','MargrettWebb307@yahoo.com','MWebb3378@bdiddy.com',8,26,'77953 North Dakota','','Macon','WA','73128','',87,0,'2014-05-08','2014-09-20',0,0,20,'','','','','',0,1,0,0,0,'0000-00-00','0000-00-00','bleach','76498229db1024a919bbbebc3ce6feb702ed3cb6f115926ac5a677b43f387ba3c169dce72c75793f0e5301fe616a3645f71e011f4b21eb0dee6ec849c6d9d42d'),('Macdonald','Awilda','','','TX:USA:ADMIN','745','','(796) 644-2980','(832) 656-4432','(995) 716-3522','AMacdonald4649@aol.com','AMacdonald4549@gmail.com',10,7,'7846 West','Apt. #1845','Deltona','CA','75050','',88,62,'2013-10-14','0000-00-00',199,0,0,'','','','','',1,1,2,2,0,'0000-00-00','0000-00-00','mledesma','76498229db1024a919bbbebc3ce6feb702ed3cb6f115926ac5a677b43f387ba3c169dce72c75793f0e5301fe616a3645f71e011f4b21eb0dee6ec849c6d9d42d'),('Chang','Karena','','','OK:OKC:CPATR','756','','(326) 717-3980','(246) 723-6882','(820) 275-6317','KarenaChang613@hotmail.com','KarenaChang766@hotmail.com',10,31,'91349 Juniper','','Overland Park','DE','73132','',89,24,'2013-12-14','0000-00-00',59,3,20,'','','','','',1,1,1,1,0,'0000-00-00','0000-00-00','mlee','76498229db1024a919bbbebc3ce6feb702ed3cb6f115926ac5a677b43f387ba3c169dce72c75793f0e5301fe616a3645f71e011f4b21eb0dee6ec849c6d9d42d'),('Meyer','Maryjo','','','','','','(922) 451-6611','(401) 479-1266','(666) 752-2258','MaryjoMeyer173@aol.com','MMeyer4144@yahoo.com',2,2,'11467 Redwood','','Hesperia','IA','73099','',90,0,'2014-03-26','2014-09-20',0,0,20,'','','','','',0,1,0,0,0,'0000-00-00','0000-00-00','tleverette','76498229db1024a919bbbebc3ce6feb702ed3cb6f115926ac5a677b43f387ba3c169dce72c75793f0e5301fe616a3645f71e011f4b21eb0dee6ec849c6d9d42d'),('Reed','Miesha','','','OK:OKC:GRNDS','775','','(698) 509-0452','(370) 768-5106','(640) 256-4565','MReed7792@bdiddy.com','MieshaR3133@gmail.com',12,30,'38050 Magnolia','Apt. #4173','Daly City','RI','73132','',91,54,'2014-02-21','2015-06-12',0,9,20,'','','','','',0,1,0,0,0,'0000-00-00','0000-00-00','nlong','76498229db1024a919bbbebc3ce6feb702ed3cb6f115926ac5a677b43f387ba3c169dce72c75793f0e5301fe616a3645f71e011f4b21eb0dee6ec849c6d9d42d'),('Thomas','Tessie','','','OK:OKC:CPATR','531','','(672) 891-6087','(334) 361-2631','(239) 951-8908','TessieT1326@aol.com','TThomas4657@comcast.net',3,6,'9449 South Carolina','','Springfield','WA','73120','',92,0,'2009-06-17','2015-02-23',0,0,20,'','','','','',0,1,0,0,0,'0000-00-00','0000-00-00','plong','76498229db1024a919bbbebc3ce6feb702ed3cb6f115926ac5a677b43f387ba3c169dce72c75793f0e5301fe616a3645f71e011f4b21eb0dee6ec849c6d9d42d'),('Bowen','Xochitl','','','OK:OKC:GSERV','1042','','(347) 978-1088','(465) 502-7800','(355) 390-8553','XochitlBowen938@aol.com','XBowen4179@gmail.com',12,23,'95630 Cottonwood','','Bellevue','OK','73132','',93,0,'2015-06-15','0000-00-00',49,0,20,'','','','','',1,1,3,3,0,'0000-00-00','0000-00-00','nlopez','76498229db1024a919bbbebc3ce6feb702ed3cb6f115926ac5a677b43f387ba3c169dce72c75793f0e5301fe616a3645f71e011f4b21eb0dee6ec849c6d9d42d'),('Pierce','Penny','','','OK:OKC:HSKPG','116','','(464) 579-0302','(524) 262-6232','(886) 380-4472','PennyPierce547@gmail.com','PennyP5593@abiz.com',11,4,'3634 Walnut','','Panama City','NH','73008','',94,52,'2012-06-01','0000-00-00',146,0,20,'','','','','',1,1,1,1,0,'0000-00-00','0000-00-00','mlopez','76498229db1024a919bbbebc3ce6feb702ed3cb6f115926ac5a677b43f387ba3c169dce72c75793f0e5301fe616a3645f71e011f4b21eb0dee6ec849c6d9d42d'),('Burns','Arnoldo','','','','','','(522) 715-8586','(457) 399-8517','(465) 149-0430','ABurns1416@yahoo.com','ArnoldoBurns576@bdiddy.com',12,23,'26156 Hill','','Inglewood','ME','73149','',95,0,'2013-11-12','2014-05-15',0,0,20,'','','','','',0,1,0,0,0,'0000-00-00','0000-00-00','nlopez1','76498229db1024a919bbbebc3ce6feb702ed3cb6f115926ac5a677b43f387ba3c169dce72c75793f0e5301fe616a3645f71e011f4b21eb0dee6ec849c6d9d42d'),('Nunez','Terresa','','','OK:OKC:HSKPG','602','','(629) 414-6796','(289) 928-9207','(447) 240-9673','TerresaNunez256@aol.com','TNunez3283@comcast.net',3,4,'24130 South Dakota','Apt. #7260','Kaneohe','OK','73132','',96,79,'2010-04-26','0000-00-00',146,8,20,'','','','','',1,1,1,1,0,'0000-00-00','0000-00-00','bmanning','76498229db1024a919bbbebc3ce6feb702ed3cb6f115926ac5a677b43f387ba3c169dce72c75793f0e5301fe616a3645f71e011f4b21eb0dee6ec849c6d9d42d'),('Jordan','Jenice','','','TX:AII:ACCTG','820','','(216) 184-8724','(232) 526-4874','(180) 515-9891','JJordan1344@yahoo.com','JeniceJordan230@gmail.com',11,21,'24072 Aloha','','North Las Vegas','MO','78738','',97,4,'2014-06-30','0000-00-00',19,1,4,'','','','','',0,1,0,0,0,'0000-00-00','0000-00-00','amansour','76498229db1024a919bbbebc3ce6feb702ed3cb6f115926ac5a677b43f387ba3c169dce72c75793f0e5301fe616a3645f71e011f4b21eb0dee6ec849c6d9d42d'),('Webb','Mildred','','','TX:AII:ACCTG','1046','','(462) 282-6806','(764) 634-6315','(625) 994-3084','MWebb2108@bdiddy.com','MildredW9562@bdiddy.com',1,11,'51252 County Line','','San Diego','VT','78738','',98,4,'2015-06-25','0000-00-00',19,1,4,'','','','','',0,1,0,0,0,'0000-00-00','0000-00-00','emansour','76498229db1024a919bbbebc3ce6feb702ed3cb6f115926ac5a677b43f387ba3c169dce72c75793f0e5301fe616a3645f71e011f4b21eb0dee6ec849c6d9d42d'),('Bailey','Romana','','','OK:OKC:LSGSAL','1053','','(488) 246-2314','(372) 272-5777','(869) 468-0373','RBailey5758@bdiddy.com','RomanaBailey547@comcast.net',8,11,'49832 Highland','Apt. #5785','Houston','AR','73132','',99,67,'2015-07-13','0000-00-00',207,0,20,'','','','','',1,1,1,1,0,'0000-00-00','0000-00-00','smanzano','76498229db1024a919bbbebc3ce6feb702ed3cb6f115926ac5a677b43f387ba3c169dce72c75793f0e5301fe616a3645f71e011f4b21eb0dee6ec849c6d9d42d'),('Mccall','Indira','','','TX:USA:WRHSE','316','','(755) 579-2597','(913) 284-5713','(609) 799-3124','IndiraMccall100@comcast.net','IMccall1639@aol.com',2,1,'55377 Kansas','','Milwaukee','NE','75061','',100,73,'2007-06-18','0000-00-00',199,16,0,'','','','','',1,1,2,2,0,'0000-00-00','0000-00-00','lmartinez','76498229db1024a919bbbebc3ce6feb702ed3cb6f115926ac5a677b43f387ba3c169dce72c75793f0e5301fe616a3645f71e011f4b21eb0dee6ec849c6d9d42d'),('Yates','Hiroko','','','OK:OKC:HSKPG','792','','(723) 917-5232','(502) 289-7509','(368) 824-6813','HYates103@abiz.com','HirokoYates311@bdiddy.com',9,20,'56879 North','Apt. #8144','Lacey','OK','73122','',101,50,'2014-03-31','0000-00-00',146,0,20,'','','','','',1,1,1,1,0,'0000-00-00','0000-00-00','rmartinez','76498229db1024a919bbbebc3ce6feb702ed3cb6f115926ac5a677b43f387ba3c169dce72c75793f0e5301fe616a3645f71e011f4b21eb0dee6ec849c6d9d42d'),('Harrington','Reena','','','OK:OKC:HSKPG','830','','(250) 950-5016','(147) 875-8578','(219) 190-1411','ReenaHarrington593@yahoo.com','ReenaHarrington902@aol.com',10,5,'42895 Sixth','','Concord','WV','73109','',102,0,'2014-08-16','2015-07-03',0,0,20,'','','','','',0,0,0,0,0,'0000-00-00','0000-00-00','smartinez','76498229db1024a919bbbebc3ce6feb702ed3cb6f115926ac5a677b43f387ba3c169dce72c75793f0e5301fe616a3645f71e011f4b21eb0dee6ec849c6d9d42d'),('Luna','Latrisha','','','TX:AII:ACCTG','795','','(292) 527-5347','(937) 431-8927','(862) 429-0421','LLuna1728@aol.com','LatrishaLuna48@hotmail.com',4,12,'90250 3rd','','Olathe','WV','78613','',103,2,'2014-04-07','0000-00-00',19,0,4,'','','','','',1,1,1,1,0,'0000-00-00','0000-00-00','pmathews','76498229db1024a919bbbebc3ce6feb702ed3cb6f115926ac5a677b43f387ba3c169dce72c75793f0e5301fe616a3645f71e011f4b21eb0dee6ec849c6d9d42d'),('Yang','Clarisa','','','OK:OKC:GRNDS','1030','','(856) 214-3412','(616) 953-8906','(951) 603-9026','ClarisaYang380@aol.com','ClarisaYang858@aol.com',10,26,'27830 South Dakota','','Denver','IN','73120','',104,54,'2015-04-27','2015-05-25',153,9,20,'','','','','',0,0,0,0,0,'0000-00-00','0000-00-00','dmcclellan','76498229db1024a919bbbebc3ce6feb702ed3cb6f115926ac5a677b43f387ba3c169dce72c75793f0e5301fe616a3645f71e011f4b21eb0dee6ec849c6d9d42d'),('Martin','Vivian','','','OK:OKC:GSERV','110','','(371) 342-2743','(695) 750-5302','(372) 219-9120','VivianM6782@gmail.com','VivianMartin419@abiz.com',6,15,'99217 River','Apt. #6763','McHenry','MT','73099','',105,44,'2013-10-10','0000-00-00',49,7,20,'','','','','',1,1,2,2,0,'0000-00-00','0000-00-00','lmccoy','76498229db1024a919bbbebc3ce6feb702ed3cb6f115926ac5a677b43f387ba3c169dce72c75793f0e5301fe616a3645f71e011f4b21eb0dee6ec849c6d9d42d'),('Russo','Buck','','','TX:AII:ACCTG','1047','','(954) 777-3647','(850) 231-2118','(559) 902-2835','BuckR7144@hotmail.com','BuckRusso29@bdiddy.com',9,20,'84336 Columbine','','San Jose','TN','78735','',106,4,'2015-06-25','0000-00-00',19,1,4,'','','','','',0,1,0,0,0,'0000-00-00','0000-00-00','nmcmahon','76498229db1024a919bbbebc3ce6feb702ed3cb6f115926ac5a677b43f387ba3c169dce72c75793f0e5301fe616a3645f71e011f4b21eb0dee6ec849c6d9d42d'),('Daugherty','Williams','','','','','','(513) 805-4145','(282) 489-7705','(918) 478-0972','WilliamsDaugherty346@yahoo.com','WilliamsDaugherty938@gmail.com',1,2,'45612 Quail','Apt. #2896','Moreno Valley','OH','73127','',107,0,'2012-02-16','2014-06-14',0,0,20,'','','','','',0,1,0,0,0,'0000-00-00','0000-00-00','cmighton','76498229db1024a919bbbebc3ce6feb702ed3cb6f115926ac5a677b43f387ba3c169dce72c75793f0e5301fe616a3645f71e011f4b21eb0dee6ec849c6d9d42d'),('Neal','Micheal','','','','','','(159) 341-7309','(848) 705-7116','(766) 643-7943','MNeal6930@abiz.com','MichealNeal590@abiz.com',8,20,'20033 Fourth','','Poughkeepsie','MD','73106','',108,0,'2014-02-06','2014-02-07',0,0,20,'','','','','',0,1,0,0,0,'0000-00-00','0000-00-00','dmiller','76498229db1024a919bbbebc3ce6feb702ed3cb6f115926ac5a677b43f387ba3c169dce72c75793f0e5301fe616a3645f71e011f4b21eb0dee6ec849c6d9d42d'),('Ware','Latasha','','','OK:OKC:CAPMP','100','','(372) 823-6555','(542) 920-8195','(791) 870-2049','LWare7033@aol.com','LatashaWare305@bdiddy.com',11,21,'68789 Cottonwood','','Santa Barbara','MN','73108','',109,60,'2012-02-13','0000-00-00',206,0,20,'','','','','',1,1,1,1,0,'0000-00-00','0000-00-00','vmiranda','76498229db1024a919bbbebc3ce6feb702ed3cb6f115926ac5a677b43f387ba3c169dce72c75793f0e5301fe616a3645f71e011f4b21eb0dee6ec849c6d9d42d'),('Ewing','Regine','','','TX:USA:WRHSE','733','','(374) 911-1379','(978) 959-3353','(238) 588-2601','RegineE6563@hotmail.com','RegineE8486@yahoo.com',3,17,'44434 12th','','Santa Maria','VA','75212','',110,73,'2013-08-22','0000-00-00',199,16,0,'','','','','',1,1,1,1,0,'0000-00-00','0000-00-00','nmoncivaiz','76498229db1024a919bbbebc3ce6feb702ed3cb6f115926ac5a677b43f387ba3c169dce72c75793f0e5301fe616a3645f71e011f4b21eb0dee6ec849c6d9d42d'),('Higgins','Lita','','','OK:OKC:PHONE','839','','(761) 328-9985','(725) 506-0175','(155) 321-2788','LHiggins1750@aol.com','LHiggins1963@comcast.net',6,18,'36876 Rhode Island','','Pompano Beach','UT','73132','',111,19,'2014-09-16','0000-00-00',24,0,20,'','','','','',1,1,1,1,0,'0000-00-00','0000-00-00','dmonday','76498229db1024a919bbbebc3ce6feb702ed3cb6f115926ac5a677b43f387ba3c169dce72c75793f0e5301fe616a3645f71e011f4b21eb0dee6ec849c6d9d42d'),('Forbes','Temple','','','OK:OKC:GRNDS','1023','','(846) 592-2334','(166) 707-0098','(806) 177-4824','TempleF2781@comcast.net','TempleForbes763@abiz.com',8,31,'31707 Seventh','','Bremerton','WV','73132','',112,54,'2015-03-17','2015-07-01',0,9,20,'','','','','',0,1,0,0,0,'0000-00-00','0000-00-00','cmontgomery','76498229db1024a919bbbebc3ce6feb702ed3cb6f115926ac5a677b43f387ba3c169dce72c75793f0e5301fe616a3645f71e011f4b21eb0dee6ec849c6d9d42d'),('Gross','Antonietta','','','OK:OKC:SALES','840','','(236) 192-4089','(718) 112-8193','(531) 514-7960','AntoniettaG2595@aol.com','AntoniettaGross75@abiz.com',7,31,'22617 Pecan','','Provo','AL','73132','',113,0,'2014-09-15','2015-05-15',0,0,20,'','','','','',0,0,0,0,0,'0000-00-00','0000-00-00','amorales','76498229db1024a919bbbebc3ce6feb702ed3cb6f115926ac5a677b43f387ba3c169dce72c75793f0e5301fe616a3645f71e011f4b21eb0dee6ec849c6d9d42d'),('Reed','Cristy','','','TX:TUC:HSKPG','56','','(584) 603-2883','(374) 599-0904','(790) 153-9841','CristyR295@aol.com','CristyR7769@abiz.com',7,16,'17600 Hillside','Apt. #5235','Canton','MA','75061','',114,80,'2011-01-15','0000-00-00',201,0,42,'','','','','',1,1,1,1,0,'0000-00-00','0000-00-00','amoreno','76498229db1024a919bbbebc3ce6feb702ed3cb6f115926ac5a677b43f387ba3c169dce72c75793f0e5301fe616a3645f71e011f4b21eb0dee6ec849c6d9d42d'),('Larson','Nona','','','','','','(281) 655-0217','(292) 904-9701','(741) 245-3098','NonaLarson647@aol.com','NLarson1303@hotmail.com',12,12,'19757 Washington','','Barnstable','WV','73159','',115,0,'2013-01-31','2014-01-14',0,0,20,'','','','','',0,1,0,0,0,'0000-00-00','0000-00-00','lmoreno','76498229db1024a919bbbebc3ce6feb702ed3cb6f115926ac5a677b43f387ba3c169dce72c75793f0e5301fe616a3645f71e011f4b21eb0dee6ec849c6d9d42d'),('Albert','Tameika','','','OK:OKC:HSKPG','554','','(191) 856-1291','(764) 162-7617','(988) 831-7393','TAlbert7300@hotmail.com','TameikaAlbert163@aol.com',3,30,'28191 Dogwood','','Downey','SC','73139','',116,49,'2012-01-02','0000-00-00',146,8,20,'','','','','',1,1,1,1,0,'0000-00-00','0000-00-00','rmoreno','76498229db1024a919bbbebc3ce6feb702ed3cb6f115926ac5a677b43f387ba3c169dce72c75793f0e5301fe616a3645f71e011f4b21eb0dee6ec849c6d9d42d'),('Haney','Ellan','','','OK:OKC:FDBEV','1021','','(305) 499-2928','(419) 842-5700','(295) 693-0937','EllanHaney601@comcast.net','EHaney1267@abiz.com',1,14,'70177 Cedar','','Warren','ME','73507','',117,39,'2015-02-26','2015-08-15',73,6,20,'','','','','',0,1,0,0,0,'0000-00-00','0000-00-00','jmorrison','76498229db1024a919bbbebc3ce6feb702ed3cb6f115926ac5a677b43f387ba3c169dce72c75793f0e5301fe616a3645f71e011f4b21eb0dee6ec849c6d9d42d'),('Lewis','Harvey','','','','','','(818) 532-2516','(615) 431-8607','(967) 369-9097','HLewis79@abiz.com','HarveyL4488@comcast.net',3,12,'39438 Spruce','','Portland','NV','73132','',118,0,'2014-03-10','2014-05-15',0,0,20,'','','','','',0,1,0,0,0,'0000-00-00','0000-00-00','kmorrow','76498229db1024a919bbbebc3ce6feb702ed3cb6f115926ac5a677b43f387ba3c169dce72c75793f0e5301fe616a3645f71e011f4b21eb0dee6ec849c6d9d42d'),('Tillman','Cherlyn','','','OK:OKC:CPATR','834','','(216) 759-3891','(134) 608-9017','(148) 186-8127','CTillman2411@hotmail.com','CherlynT5177@gmail.com',8,8,'43745 Spruce','','Lubbock','ND','73132','',119,0,'2014-08-28','2015-06-12',0,0,20,'','','','','',0,1,0,0,0,'0000-00-00','0000-00-00','mmyles','76498229db1024a919bbbebc3ce6feb702ed3cb6f115926ac5a677b43f387ba3c169dce72c75793f0e5301fe616a3645f71e011f4b21eb0dee6ec849c6d9d42d'),('Cooper','Melita','','','OK:OKC:ADMIN','1064','','(649) 539-9014','(959) 891-7402','(648) 816-9410','MelitaCooper730@comcast.net','MelitaC9531@bdiddy.com',10,7,'40069 Pleasant','Apt. #7625','South Bend','MD','73118','',120,1,'2015-07-27','0000-00-00',30,1,20,'','','','','',1,1,3,3,0,'0000-00-00','0000-00-00','knguyen','76498229db1024a919bbbebc3ce6feb702ed3cb6f115926ac5a677b43f387ba3c169dce72c75793f0e5301fe616a3645f71e011f4b21eb0dee6ec849c6d9d42d'),('Marsh','Craig','','','','','','(378) 660-8871','(344) 797-0377','(378) 756-6686','CraigM8193@abiz.com','CraigMarsh719@abiz.com',5,25,'75381 Sunset','Apt. #68','El Monte','WI','73159','',121,0,'2013-11-11','2014-05-24',0,0,20,'','','','','',0,1,0,0,0,'0000-00-00','0000-00-00','nnyambe','76498229db1024a919bbbebc3ce6feb702ed3cb6f115926ac5a677b43f387ba3c169dce72c75793f0e5301fe616a3645f71e011f4b21eb0dee6ec849c6d9d42d'),('Snyder','Tamika','','','OK:OKC:MAINT','1051','','(706) 470-6442','(502) 967-9651','(895) 938-2915','TSnyder47@abiz.com','TamikaS8859@hotmail.com',6,5,'43823 Palo Verde','','Yakima','NC','73120','',122,56,'2015-07-01','0000-00-00',34,0,20,'','','','','',1,1,2,2,0,'0000-00-00','0000-00-00','ro\'connor','76498229db1024a919bbbebc3ce6feb702ed3cb6f115926ac5a677b43f387ba3c169dce72c75793f0e5301fe616a3645f71e011f4b21eb0dee6ec849c6d9d42d'),('Miles','Dot','','','OK:OKC:FDBEV','825','','(221) 170-5496','(429) 945-2157','(176) 514-3454','DotM8682@bdiddy.com','DMiles2074@yahoo.com',1,13,'25469 Pleasant','Apt. #9812','Atlanta','RI','73099','',123,0,'2014-08-02','2015-01-18',0,0,20,'','','','','',0,0,0,0,0,'0000-00-00','0000-00-00','aochoa','76498229db1024a919bbbebc3ce6feb702ed3cb6f115926ac5a677b43f387ba3c169dce72c75793f0e5301fe616a3645f71e011f4b21eb0dee6ec849c6d9d42d'),('Cunningham','Edwardo','','','OK:OKC:FDBEV','754','','(592) 157-9149','(719) 369-8405','(581) 743-0975','EdwardoCunningham383@yahoo.com','ECunningham7925@aol.com',5,13,'30782 Kahili','Apt. #1018','Winston','KS','73132','',124,37,'2012-05-29','0000-00-00',207,0,20,'','','','','',1,1,1,1,0,'0000-00-00','0000-00-00','sohanjanianse','76498229db1024a919bbbebc3ce6feb702ed3cb6f115926ac5a677b43f387ba3c169dce72c75793f0e5301fe616a3645f71e011f4b21eb0dee6ec849c6d9d42d'),('Morrison','Dung','','','OK:OKC:HSKPG','815','','(163) 976-4011','(993) 503-6316','(284) 389-5449','DMorrison4477@yahoo.com','DMorrison8058@gmail.com',1,13,'56843 Pinon','','Gastonia','WA','73109','',125,47,'2014-06-14','0000-00-00',146,8,20,'','','','','',1,1,1,1,0,'0000-00-00','0000-00-00','holivera','76498229db1024a919bbbebc3ce6feb702ed3cb6f115926ac5a677b43f387ba3c169dce72c75793f0e5301fe616a3645f71e011f4b21eb0dee6ec849c6d9d42d'),('Reynolds','Summer','','','OK:OKC:CAPMP','58','','(466) 338-9561','(556) 878-7254','(600) 551-4194','SReynolds4315@yahoo.com','SummerR4177@yahoo.com',1,6,'2425 North Carolina','','Durham','DE','73132','',126,60,'2011-03-07','0000-00-00',206,0,20,'','','','','',1,1,1,1,0,'0000-00-00','0000-00-00','mpacheco','76498229db1024a919bbbebc3ce6feb702ed3cb6f115926ac5a677b43f387ba3c169dce72c75793f0e5301fe616a3645f71e011f4b21eb0dee6ec849c6d9d42d'),('Wagner','Dorotha','','','OK:OKC:GRNDS','739','','(847) 990-4997','(767) 722-6470','(141) 233-0590','DorothaW9516@aol.com','DWagner2863@abiz.com',5,15,'4892 Hill','','Indianapolis','GA','73135','',127,54,'2013-09-17','2015-05-18',82,9,20,'','','','','',0,0,0,0,0,'0000-00-00','0000-00-00','apalmer','76498229db1024a919bbbebc3ce6feb702ed3cb6f115926ac5a677b43f387ba3c169dce72c75793f0e5301fe616a3645f71e011f4b21eb0dee6ec849c6d9d42d'),('Knight','Leigha','','','OK:OKC:GRNDS','753','','(402) 299-1693','(916) 171-8608','(680) 481-8305','LeighaK9070@gmail.com','LeighaKnight387@abiz.com',10,28,'84222 Second','Apt. #5867','Pomona','MO','73132','',128,54,'2013-12-14','2015-06-22',0,9,20,'','','','','',0,0,0,0,0,'0000-00-00','0000-00-00','jparker','76498229db1024a919bbbebc3ce6feb702ed3cb6f115926ac5a677b43f387ba3c169dce72c75793f0e5301fe616a3645f71e011f4b21eb0dee6ec849c6d9d42d'),('Watts','Kyra','','','OK:OKC:HSKPG','97','','(811) 130-3636','(297) 939-4915','(465) 683-7710','KWatts4150@aol.com','KWatts3289@bdiddy.com',10,6,'78755 Ridge','','Charleston','MN','73112','',129,52,'2012-01-28','0000-00-00',146,0,20,'','','','','',1,1,1,1,0,'0000-00-00','0000-00-00','mparra','76498229db1024a919bbbebc3ce6feb702ed3cb6f115926ac5a677b43f387ba3c169dce72c75793f0e5301fe616a3645f71e011f4b21eb0dee6ec849c6d9d42d'),('Ellis','Russ','','','OK:OKC:CPATR','1014','','(854) 639-0885','(104) 786-2696','(949) 417-6390','RussEllis326@comcast.net','RussEllis14@hotmail.com',6,20,'93732 Ninth','Apt. #6987','Visalia','ID','73132','',130,23,'2015-01-19','2015-08-04',59,3,20,'','','','','',0,0,0,0,0,'0000-00-00','0000-00-00','sparsons','76498229db1024a919bbbebc3ce6feb702ed3cb6f115926ac5a677b43f387ba3c169dce72c75793f0e5301fe616a3645f71e011f4b21eb0dee6ec849c6d9d42d'),('Fisher','Sheryl','','','OK:OKC:GSERV','1019','','(141) 339-8000','(471) 522-4754','(459) 225-6282','SherylFisher775@hotmail.com','SherylF1259@bdiddy.com',2,9,'24114 Cherry','','Athens','MS','73132','',131,42,'2015-02-11','2015-08-28',24,7,20,'','','','','',0,1,0,0,0,'0000-00-00','0000-00-00','jpaslay','76498229db1024a919bbbebc3ce6feb702ed3cb6f115926ac5a677b43f387ba3c169dce72c75793f0e5301fe616a3645f71e011f4b21eb0dee6ec849c6d9d42d'),('Whitaker','Rosita','','','OK:OKC:HSKPG','831','','(492) 139-4684','(591) 716-5099','(473) 588-2666','RositaW7125@comcast.net','RositaWhitaker169@gmail.com',2,21,'58066 Kahili','','Fairfield','NH','73109','',132,0,'2014-08-16','0000-00-00',146,0,20,'','','','','',1,1,1,1,0,'0000-00-00','0000-00-00','lperez','76498229db1024a919bbbebc3ce6feb702ed3cb6f115926ac5a677b43f387ba3c169dce72c75793f0e5301fe616a3645f71e011f4b21eb0dee6ec849c6d9d42d'),('Haley','Orval','','','OK:OKC:HSKPG','162','','(249) 747-3777','(528) 551-1993','(910) 547-6306','OHaley2127@yahoo.com','OrvalHaley280@aol.com',10,25,'66354 Hemlock','','Johnson City','DC','73127','',133,52,'2012-08-07','0000-00-00',146,0,20,'','','','','',1,1,1,1,0,'0000-00-00','0000-00-00','vperez','76498229db1024a919bbbebc3ce6feb702ed3cb6f115926ac5a677b43f387ba3c169dce72c75793f0e5301fe616a3645f71e011f4b21eb0dee6ec849c6d9d42d'),('Daugherty','Maritza','','','OK:OKC:FDBEV','','','(576) 506-6140','(497) 429-1506','(181) 739-3106','MaritzaDaugherty756@hotmail.com','MDaugherty6899@aol.com',11,10,'24812 11th','Apt. #6583','Cathedral City','VA','73132','',134,0,'2014-06-16','2014-10-12',0,0,20,'','','','','',0,1,0,0,0,'0000-00-00','0000-00-00','gpines','76498229db1024a919bbbebc3ce6feb702ed3cb6f115926ac5a677b43f387ba3c169dce72c75793f0e5301fe616a3645f71e011f4b21eb0dee6ec849c6d9d42d'),('Jennings','Tomeka','','','OK:OKC:GRNDS','1055','','(813) 715-8256','(535) 691-8645','(391) 447-0572','TJennings692@hotmail.com','TJennings7372@yahoo.com',11,4,'8064 Wood','Apt. #9267','Warren','SD','73111','',135,54,'2015-07-27','2015-08-28',82,9,20,'','','','','',0,0,0,0,0,'0000-00-00','0000-00-00','dpost','76498229db1024a919bbbebc3ce6feb702ed3cb6f115926ac5a677b43f387ba3c169dce72c75793f0e5301fe616a3645f71e011f4b21eb0dee6ec849c6d9d42d'),('Ross','Marcell','','','OK:OKC:CPATR','1068','','(994) 228-8991','(372) 864-2443','(540) 167-3518','MRoss7789@hotmail.com','MRoss778@yahoo.com',11,28,'16795 Cedar','','Stamford','WV','73142','',136,23,'2015-08-17','0000-00-00',89,0,20,'','','','','',1,1,2,2,0,'0000-00-00','0000-00-00','bprice','76498229db1024a919bbbebc3ce6feb702ed3cb6f115926ac5a677b43f387ba3c169dce72c75793f0e5301fe616a3645f71e011f4b21eb0dee6ec849c6d9d42d'),('Parker','Jayne','','','','','','(195) 573-6086','(525) 490-6212','(210) 912-7908','JParker4614@comcast.net','JayneP2468@hotmail.com',10,2,'28039 Wilson','','Waterbury','NC','93112','',137,0,'2014-01-13','2014-02-21',0,0,20,'','','','','',0,1,0,0,0,'0000-00-00','0000-00-00','rpuckett','76498229db1024a919bbbebc3ce6feb702ed3cb6f115926ac5a677b43f387ba3c169dce72c75793f0e5301fe616a3645f71e011f4b21eb0dee6ec849c6d9d42d'),('Pierce','Benito','','','','','','(569) 514-1983','(206) 724-8212','(777) 744-7049','BPierce8134@bdiddy.com','BPierce363@hotmail.com',4,5,'32405 South Dakota','','Akron','MS','73120','',138,0,'2013-12-14','2014-06-05',0,0,20,'','','','','',0,1,0,0,0,'0000-00-00','0000-00-00','lpugh','76498229db1024a919bbbebc3ce6feb702ed3cb6f115926ac5a677b43f387ba3c169dce72c75793f0e5301fe616a3645f71e011f4b21eb0dee6ec849c6d9d42d'),('Larson','Fae','','','','','','(274) 788-9437','(163) 760-7147','(612) 168-3393','FaeL7647@hotmail.com','FLarson9809@comcast.net',4,22,'41942 Hill','','Pompano Beach','WI','73106','',139,0,'2010-12-01','2014-05-06',0,0,20,'','','','','',0,1,0,0,0,'0000-00-00','0000-00-00','mramirez','76498229db1024a919bbbebc3ce6feb702ed3cb6f115926ac5a677b43f387ba3c169dce72c75793f0e5301fe616a3645f71e011f4b21eb0dee6ec849c6d9d42d'),('Stephenson','Rebecka','','','OK:OKC:CPATR','1043','','(544) 289-6912','(823) 566-1918','(445) 437-5976','RebeckaStephenson225@comcast.net','RebeckaS4117@gmail.com',5,9,'65591 Dogwood','','Boulder','SD','73142','',140,0,'2015-06-10','2015-06-28',0,0,20,'','','','','',0,1,0,0,0,'0000-00-00','0000-00-00','jredmon','76498229db1024a919bbbebc3ce6feb702ed3cb6f115926ac5a677b43f387ba3c169dce72c75793f0e5301fe616a3645f71e011f4b21eb0dee6ec849c6d9d42d'),('Saunders','Kathrine','','','TX:USA:ACCTG','690','','(850) 927-1269','(952) 221-7053','(100) 404-4398','KSaunders7254@aol.com','KathrineSaunders346@bdiddy.com',3,1,'35399 Hickory','','West Valley City','NE','76121','',141,3,'2011-07-05','0000-00-00',199,1,0,'','','','','',1,1,1,1,0,'0000-00-00','0000-00-00','sroberts','76498229db1024a919bbbebc3ce6feb702ed3cb6f115926ac5a677b43f387ba3c169dce72c75793f0e5301fe616a3645f71e011f4b21eb0dee6ec849c6d9d42d'),('Barnett','Clayton','','','OK:OKC:MAINT','1034','','(531) 541-3598','(794) 249-2046','(415) 332-8948','CBarnett8170@yahoo.com','ClaytonBarnett416@bdiddy.com',2,4,'33522 Elm','Apt. #91','Moreno Valley','AK','73132','',142,56,'2015-05-29','0000-00-00',197,0,20,'','','','','',1,1,1,1,0,'0000-00-00','0000-00-00','mrobison','76498229db1024a919bbbebc3ce6feb702ed3cb6f115926ac5a677b43f387ba3c169dce72c75793f0e5301fe616a3645f71e011f4b21eb0dee6ec849c6d9d42d'),('Workman','Karole','','','TX:USA:WRHSE','','','(186) 624-9475','(333) 126-6232','(436) 104-7453','KaroleW9540@comcast.net','KaroleW2335@abiz.com',12,19,'45355 5th','','Marysville','IA','75062','',143,73,'2010-07-21','2014-10-17',0,16,0,'','','','','',0,0,0,0,0,'0000-00-00','0000-00-00','aroman','76498229db1024a919bbbebc3ce6feb702ed3cb6f115926ac5a677b43f387ba3c169dce72c75793f0e5301fe616a3645f71e011f4b21eb0dee6ec849c6d9d42d'),('Stephenson','Cliff','','','OK:OKC:HSKPG','95','','(602) 651-4738','(584) 947-3112','(101) 459-4778','CStephenson5094@hotmail.com','CStephenson8771@comcast.net',9,13,'4220 Park','','Sunnyvale','SD','73127','',144,52,'2011-12-31','0000-00-00',146,0,20,'','','','','',1,1,1,1,0,'0000-00-00','0000-00-00','eromero','76498229db1024a919bbbebc3ce6feb702ed3cb6f115926ac5a677b43f387ba3c169dce72c75793f0e5301fe616a3645f71e011f4b21eb0dee6ec849c6d9d42d'),('Leblanc','Deedra','','','OK:OKC:HSKPG','612','','(185) 839-6428','(732) 693-5795','(672) 364-5970','DeedraL2946@gmail.com','DeedraL1848@bdiddy.com',4,27,'91840 Sycamore','','Mobile','MO','73132','',145,47,'2010-06-05','0000-00-00',146,0,20,'','','','','',1,1,2,2,0,'0000-00-00','0000-00-00','sromero','76498229db1024a919bbbebc3ce6feb702ed3cb6f115926ac5a677b43f387ba3c169dce72c75793f0e5301fe616a3645f71e011f4b21eb0dee6ec849c6d9d42d'),('Rodriguez','Lisa','','','OK:OKC:HSKPG','394','','(149) 317-8966','(353) 511-0993','(941) 445-1801','LRodriguez1048@aol.com','LRodriguez4383@yahoo.com',6,15,'58777 Highland','Apt. #8964','Fort Worth','SC','73122','',146,46,'2007-10-14','0000-00-00',207,8,20,'','','','','',1,1,1,1,0,'0000-00-00','0000-00-00','vroper','76498229db1024a919bbbebc3ce6feb702ed3cb6f115926ac5a677b43f387ba3c169dce72c75793f0e5301fe616a3645f71e011f4b21eb0dee6ec849c6d9d42d'),('Wright','Nan','','','OK:OKC:FTNSS','688','','(835) 149-8697','(259) 533-5967','(678) 608-7242','NWright6019@comcast.net','NWright2354@hotmail.com',9,6,'19622 Sixth','Apt. #1089','Thousand Oaks','ID','73132','',147,34,'2010-04-09','0000-00-00',207,5,20,'','','','','',1,1,1,1,0,'0000-00-00','0000-00-00','aroundtree','76498229db1024a919bbbebc3ce6feb702ed3cb6f115926ac5a677b43f387ba3c169dce72c75793f0e5301fe616a3645f71e011f4b21eb0dee6ec849c6d9d42d'),('Moran','Chantay','','','OK:OKC:FDBEV','835','','(286) 143-7850','(322) 887-7117','(244) 926-9368','CMoran4339@comcast.net','ChantayMoran941@hotmail.com',4,10,'37029 Canyon','','Newport News','WY','73132','',148,0,'2014-09-19','2014-11-23',0,0,20,'','','','','',0,0,0,0,0,'0000-00-00','0000-00-00','jrouse','76498229db1024a919bbbebc3ce6feb702ed3cb6f115926ac5a677b43f387ba3c169dce72c75793f0e5301fe616a3645f71e011f4b21eb0dee6ec849c6d9d42d'),('Dale','Mitchell','','','OK:OKC:SALES','798','','(398) 177-4011','(787) 251-2205','(285) 881-5485','MDale9814@hotmail.com','MitchellDale770@bdiddy.com',8,28,'29455 Ridge','Apt. #8804','Santa Clarita','IN','73170','',149,81,'2012-09-24','0000-00-00',207,0,20,'','','','','',1,1,2,2,0,'0000-00-00','0000-00-00','arunnels','76498229db1024a919bbbebc3ce6feb702ed3cb6f115926ac5a677b43f387ba3c169dce72c75793f0e5301fe616a3645f71e011f4b21eb0dee6ec849c6d9d42d'),('Spence','Blanch','','','OK:OKC:GSERV','1011','','(986) 905-9191','(537) 137-1139','(749) 979-5687','BlanchSpence844@comcast.net','BlanchS9575@yahoo.com',10,8,'32082 Cherry','','Indianapolis','NY','73107','',150,0,'2014-12-22','2015-01-02',0,0,20,'','','','','',0,0,0,0,0,'0000-00-00','0000-00-00','kryherd','76498229db1024a919bbbebc3ce6feb702ed3cb6f115926ac5a677b43f387ba3c169dce72c75793f0e5301fe616a3645f71e011f4b21eb0dee6ec849c6d9d42d'),('Jordan','Dorathy','','','','','','(900) 651-5559','(877) 380-8354','(870) 463-2183','DJordan4430@gmail.com','DJordan2998@aol.com',1,25,'83599 Canyon','','Redding','RI','73127','',151,0,'2014-05-08','2014-08-26',0,0,20,'','','','','',0,1,0,0,0,'0000-00-00','0000-00-00','jserrano','76498229db1024a919bbbebc3ce6feb702ed3cb6f115926ac5a677b43f387ba3c169dce72c75793f0e5301fe616a3645f71e011f4b21eb0dee6ec849c6d9d42d'),('Stanley','Susan','','','OK:OKC:GSERV','1012','','(665) 131-9315','(143) 196-2056','(267) 245-2576','SStanley9034@gmail.com','SStanley3603@aol.com',6,25,'88783 Fifth','','Ann Arbor','PA','73132','',152,42,'2014-12-22','2015-05-31',49,7,20,'','','','','',0,1,0,0,0,'0000-00-00','0000-00-00','ssibley','76498229db1024a919bbbebc3ce6feb702ed3cb6f115926ac5a677b43f387ba3c169dce72c75793f0e5301fe616a3645f71e011f4b21eb0dee6ec849c6d9d42d'),('Woods','Delpha','','','OK:OKC:GRNDS','114','','(645) 838-1472','(393) 881-0171','(171) 778-9414','DelphaWoods660@abiz.com','DWoods9805@comcast.net',9,1,'90630 Hillside','','Flint','HI','73132','',153,55,'2012-05-14','2015-05-19',82,9,20,'','','','','',0,0,0,0,0,'0000-00-00','0000-00-00','dsims','76498229db1024a919bbbebc3ce6feb702ed3cb6f115926ac5a677b43f387ba3c169dce72c75793f0e5301fe616a3645f71e011f4b21eb0dee6ec849c6d9d42d'),('Velazquez','Thomasena','','','OK:OKC:GRNDS','752','','(128) 169-9262','(217) 731-7617','(533) 988-1968','ThomasenaVelazquez380@hotmail.com','ThomasenaV9099@abiz.com',9,6,'67494 Eighth','Apt. #1184','Mission Viejo','OR','73108','',154,0,'2013-11-25','2015-01-14',0,0,20,'','','','','',0,0,0,0,0,'0000-00-00','0000-00-00','dsmith','76498229db1024a919bbbebc3ce6feb702ed3cb6f115926ac5a677b43f387ba3c169dce72c75793f0e5301fe616a3645f71e011f4b21eb0dee6ec849c6d9d42d'),('Stone','Armanda','','','TX:USA:WRHSE','291','','(740) 469-6419','(523) 184-6887','(437) 587-7681','ArmandaS9773@gmail.com','ArmandaS2903@yahoo.com',3,6,'6492 10th','','Thousand Oaks','AR','76247','',155,73,'2006-06-25','2014-12-08',0,16,0,'','','','','',0,0,0,0,0,'0000-00-00','0000-00-00','jsmith','76498229db1024a919bbbebc3ce6feb702ed3cb6f115926ac5a677b43f387ba3c169dce72c75793f0e5301fe616a3645f71e011f4b21eb0dee6ec849c6d9d42d'),('Andrews','Velvet','','','OK:OKC:LSGSAL','1039','','(439) 904-4876','(258) 529-2829','(681) 133-6085','VelvetA5360@yahoo.com','VelvetAndrews530@comcast.net',3,16,'70566 Dogwood','','San Jose','TN','73132','',156,67,'2015-06-12','0000-00-00',207,0,20,'','','','','',1,1,1,1,0,'0000-00-00','0000-00-00','ssmith','76498229db1024a919bbbebc3ce6feb702ed3cb6f115926ac5a677b43f387ba3c169dce72c75793f0e5301fe616a3645f71e011f4b21eb0dee6ec849c6d9d42d'),('Daniels','Kacey','','','','','','(915) 912-2270','(371) 393-8609','(479) 951-6665','KDaniels8864@hotmail.com','KDaniels3891@comcast.net',1,22,'52268 Church','','Long Beach','KY','73130','',157,0,'2011-08-22','2014-05-16',0,0,20,'','','','','',0,1,0,0,0,'0000-00-00','0000-00-00','ssnow','76498229db1024a919bbbebc3ce6feb702ed3cb6f115926ac5a677b43f387ba3c169dce72c75793f0e5301fe616a3645f71e011f4b21eb0dee6ec849c6d9d42d'),('Winters','Marylouise','','','','','','(126) 151-8896','(349) 733-1260','(263) 877-9952','MarylouiseWinters801@bdiddy.com','MWinters5546@yahoo.com',10,27,'55748 Church','Apt. #9575','Sterling Heights','NJ','73008','',158,0,'2012-02-04','2014-06-27',0,0,20,'','','','','',0,1,0,0,0,'0000-00-00','0000-00-00','msolis','76498229db1024a919bbbebc3ce6feb702ed3cb6f115926ac5a677b43f387ba3c169dce72c75793f0e5301fe616a3645f71e011f4b21eb0dee6ec849c6d9d42d'),('Mathis','Micki','','','','','','(814) 842-3994','(425) 688-8482','(189) 525-1459','MMathis6603@comcast.net','MMathis7107@bdiddy.com',0,0,'81367 North Carolina','','Port Orange','CT','','',159,0,'0000-00-00','2014-04-25',0,0,20,'','','','','',0,1,0,0,0,'0000-00-00','0000-00-00','csooby','76498229db1024a919bbbebc3ce6feb702ed3cb6f115926ac5a677b43f387ba3c169dce72c75793f0e5301fe616a3645f71e011f4b21eb0dee6ec849c6d9d42d'),('Reilly','Daren','','','OK:OKC:FDBEV','1060','','(339) 318-6621','(132) 827-5636','(934) 616-5809','DarenR3583@bdiddy.com','DarenR5159@gmail.com',6,30,'2091 Smith','','Elk Grove','MS','73107','',160,39,'2015-07-27','0000-00-00',73,6,20,'','','','','',1,1,3,3,0,'0000-00-00','0000-00-00','ssouthwell','76498229db1024a919bbbebc3ce6feb702ed3cb6f115926ac5a677b43f387ba3c169dce72c75793f0e5301fe616a3645f71e011f4b21eb0dee6ec849c6d9d42d'),('Dawson','Treva','','','OK:OKC:GSERV','1059','','(123) 814-8806','(527) 864-4604','(709) 318-5614','TDawson3951@gmail.com','TrevaDawson481@gmail.com',9,10,'5791 Meadow','','Berkeley','MD','73103','',161,44,'2015-08-03','0000-00-00',49,7,20,'','','','','',1,1,2,2,0,'0000-00-00','0000-00-00','gsparks','76498229db1024a919bbbebc3ce6feb702ed3cb6f115926ac5a677b43f387ba3c169dce72c75793f0e5301fe616a3645f71e011f4b21eb0dee6ec849c6d9d42d'),('Alston','Harry','','','OK:OKC:GRNDS','755','','(170) 680-6569','(504) 459-5870','(325) 703-6128','HarryAlston38@gmail.com','HarryA2911@abiz.com',2,15,'4931 Magnolia','','Tempe','MS','73129','',162,54,'2013-12-14','2015-04-13',0,9,20,'','','','','',0,1,0,0,0,'0000-00-00','0000-00-00','cstates','76498229db1024a919bbbebc3ce6feb702ed3cb6f115926ac5a677b43f387ba3c169dce72c75793f0e5301fe616a3645f71e011f4b21eb0dee6ec849c6d9d42d'),('Webster','Estrella','','','NY:USA:Design','1057','','(613) 808-5755','(611) 971-2841','(385) 800-7133','EstrellaW6671@abiz.com','EstrellaW167@gmail.com',5,4,'821 Holly','Apt. #1613','Fort Wayne','PA','11211','',163,0,'2015-08-05','0000-00-00',199,0,0,'','','','','',1,1,1,1,0,'0000-00-00','0000-00-00','jsteadman','76498229db1024a919bbbebc3ce6feb702ed3cb6f115926ac5a677b43f387ba3c169dce72c75793f0e5301fe616a3645f71e011f4b21eb0dee6ec849c6d9d42d'),('Mcfadden','Epifania','','','','','','(365) 981-0266','(869) 403-2739','(665) 509-5402','EpifaniaMcfadden872@bdiddy.com','EMcfadden2381@gmail.com',3,3,'68473 Kansas','','Sebastian','TN','73023','',164,0,'2014-02-09','2014-07-01',0,0,20,'','','','','',0,1,0,0,0,'0000-00-00','0000-00-00','sstill','76498229db1024a919bbbebc3ce6feb702ed3cb6f115926ac5a677b43f387ba3c169dce72c75793f0e5301fe616a3645f71e011f4b21eb0dee6ec849c6d9d42d'),('Daniels','Alissa','','','OK:OKC:FDBEV','1020','','(806) 330-3086','(825) 232-9676','(120) 258-3455','AlissaD9651@bdiddy.com','AlissaD2805@abiz.com',6,5,'47490 Hemlock','','New York','SD','73112','',165,39,'2015-02-25','2015-04-17',73,6,20,'','','','','',0,1,0,0,0,'0000-00-00','0000-00-00','rstrand','76498229db1024a919bbbebc3ce6feb702ed3cb6f115926ac5a677b43f387ba3c169dce72c75793f0e5301fe616a3645f71e011f4b21eb0dee6ec849c6d9d42d'),('Curtis','Mandy','','','OK:OKC:GSERV','1007','','(692) 107-3593','(909) 839-9641','(302) 762-0283','MandyC8738@comcast.net','MandyCurtis809@comcast.net',2,23,'26599 Park','','Atlantic City','HI','73107','',166,19,'2014-11-17','2014-12-11',24,0,20,'','','','','',0,0,0,0,0,'0000-00-00','0000-00-00','kstrawn','76498229db1024a919bbbebc3ce6feb702ed3cb6f115926ac5a677b43f387ba3c169dce72c75793f0e5301fe616a3645f71e011f4b21eb0dee6ec849c6d9d42d'),('Potts','Kathyrn','','','OK:OKC:ADMIN','814','','(857) 227-9894','(799) 137-2677','(466) 929-4315','KathyrnP8755@yahoo.com','KathyrnPotts708@aol.com',7,4,'21849 Center','Apt. #6868','Boise City','KS','73118','',167,0,'2014-06-09','2015-04-07',0,0,20,'','','','','',0,0,0,0,0,'0000-00-00','0000-00-00','jsullivan','76498229db1024a919bbbebc3ce6feb702ed3cb6f115926ac5a677b43f387ba3c169dce72c75793f0e5301fe616a3645f71e011f4b21eb0dee6ec849c6d9d42d'),('Dunlap','Margorie','','','','','','(564) 774-3876','(273) 559-5281','(272) 663-5158','MDunlap9570@gmail.com','MDunlap3483@yahoo.com',6,13,'80488 Zoo','','Flint','GA','73132','',168,0,'2013-12-17','2014-04-29',0,0,20,'','','','','',0,1,0,0,0,'0000-00-00','0000-00-00','xtaylor','76498229db1024a919bbbebc3ce6feb702ed3cb6f115926ac5a677b43f387ba3c169dce72c75793f0e5301fe616a3645f71e011f4b21eb0dee6ec849c6d9d42d'),('Hatfield','Crystle','','','OK:OKC:CPATR','1031','','(883) 380-7159','(370) 755-0136','(458) 900-0833','CrystleH7338@hotmail.com','CrystleH4142@bdiddy.com',4,17,'4978 Orchard','Apt. #4249','Reading','FL','73132','',169,23,'2015-05-12','0000-00-00',59,0,20,'','','','','',1,1,1,1,0,'0000-00-00','0000-00-00','tthomas','76498229db1024a919bbbebc3ce6feb702ed3cb6f115926ac5a677b43f387ba3c169dce72c75793f0e5301fe616a3645f71e011f4b21eb0dee6ec849c6d9d42d'),('Roth','Brande','','','OK:OKC:ADMIN','1032','','(414) 622-1737','(887) 595-8671','(675) 139-6542','BrandeR3807@yahoo.com','BrandeR6243@abiz.com',8,3,'99455 West Virginia','','McHenry','NH','73112','',170,4,'2015-05-11','2015-07-15',0,1,20,'','','','','',0,1,0,0,0,'0000-00-00','0000-00-00','lthompson','76498229db1024a919bbbebc3ce6feb702ed3cb6f115926ac5a677b43f387ba3c169dce72c75793f0e5301fe616a3645f71e011f4b21eb0dee6ec849c6d9d42d'),('Steele','Osvaldo','','','OK:OKC:GSERV','1038','','(395) 658-2994','(382) 852-6787','(372) 277-4830','OsvaldoS8513@hotmail.com','OSteele3267@yahoo.com',10,17,'81991 Columbine','Apt. #5615','Harlingen','WV','73034','',171,0,'2015-06-01','2015-08-15',49,0,20,'','','','','',0,0,0,0,0,'0000-00-00','0000-00-00','lthompson1','76498229db1024a919bbbebc3ce6feb702ed3cb6f115926ac5a677b43f387ba3c169dce72c75793f0e5301fe616a3645f71e011f4b21eb0dee6ec849c6d9d42d'),('Bonner','Karena','','','OK:OKC:GRNDS','1063','','(374) 860-9418','(653) 330-4700','(118) 459-9486','KBonner3413@yahoo.com','KarenaB8896@yahoo.com',4,26,'42079 Broadway','','Phoenix','OK','73179','',172,54,'2015-07-30','0000-00-00',82,9,20,'','','','','',1,1,1,1,0,'0000-00-00','0000-00-00','stierce','76498229db1024a919bbbebc3ce6feb702ed3cb6f115926ac5a677b43f387ba3c169dce72c75793f0e5301fe616a3645f71e011f4b21eb0dee6ec849c6d9d42d'),('Hebert','Sandie','','','TX:TUC:MAINT','683','','(633) 206-2624','(237) 780-0831','(452) 615-7702','SandieHebert483@bdiddy.com','SHebert6824@hotmail.com',2,18,'3755 7th','Apt. #7983','Buffalo','TN','75061','',173,57,'1996-05-20','0000-00-00',201,10,42,'','','','','',1,1,1,1,0,'0000-00-00','0000-00-00','jtinoco','76498229db1024a919bbbebc3ce6feb702ed3cb6f115926ac5a677b43f387ba3c169dce72c75793f0e5301fe616a3645f71e011f4b21eb0dee6ec849c6d9d42d'),('Boone','Catalina','','','OK:OKC:CPATR','1029','','(660) 673-4925','(801) 810-5752','(702) 664-5309','CBoone4323@aol.com','CatalinaB9097@comcast.net',2,9,'90792 North Dakota','','South Bend','SD','73003','',174,0,'2015-04-27','2015-05-29',59,0,20,'','','','','',0,0,0,0,0,'0000-00-00','0000-00-00','ctreece','76498229db1024a919bbbebc3ce6feb702ed3cb6f115926ac5a677b43f387ba3c169dce72c75793f0e5301fe616a3645f71e011f4b21eb0dee6ec849c6d9d42d'),('Coleman','Jorge','','','TX:TUC:CPATR','293','','(198) 481-4638','(222) 561-1982','(398) 600-7410','JorgeC863@bdiddy.com','JColeman9716@bdiddy.com',12,25,'14181 Walnut','','Bethlehem','MD','75061','',175,22,'2006-06-25','0000-00-00',201,3,42,'','','','','',1,1,1,1,0,'0000-00-00','0000-00-00','rvalenciano','76498229db1024a919bbbebc3ce6feb702ed3cb6f115926ac5a677b43f387ba3c169dce72c75793f0e5301fe616a3645f71e011f4b21eb0dee6ec849c6d9d42d'),('Gould','Bambi','','','OK:OKC:HSKPG','590','','(814) 596-0814','(443) 414-8615','(159) 248-0527','BambiG7936@aol.com','BGould8376@bdiddy.com',10,13,'23829 County Line','','Olympia','NM','73142','',176,52,'2010-02-15','0000-00-00',146,0,20,'','','','','',1,1,1,1,0,'0000-00-00','0000-00-00','rvalenzuela','76498229db1024a919bbbebc3ce6feb702ed3cb6f115926ac5a677b43f387ba3c169dce72c75793f0e5301fe616a3645f71e011f4b21eb0dee6ec849c6d9d42d'),('Mccall','Adalberto','','','OK:OKC:HSKPG','','','(440) 175-7600','(694) 833-7977','(222) 993-2340','AdalbertoMccall217@bdiddy.com','AdalbertoMccall102@hotmail.com',2,6,'88406 Pinon','','Fort Lauderdale','UT','73127','',177,0,'2014-08-16','2014-09-12',0,0,20,'','','','','',0,1,0,0,0,'0000-00-00','0000-00-00','bvallejo','76498229db1024a919bbbebc3ce6feb702ed3cb6f115926ac5a677b43f387ba3c169dce72c75793f0e5301fe616a3645f71e011f4b21eb0dee6ec849c6d9d42d'),('Bass','Alease','','','','','','(833) 440-3430','(138) 620-2944','(907) 233-2319','AleaseB4527@abiz.com','AleaseB6691@gmail.com',10,8,'55607 A','Apt. #3130','Palm Springs','TN','73129','',178,0,'2014-07-13','2014-07-24',0,0,20,'','','','','',0,1,0,0,0,'0000-00-00','0000-00-00','lvazquez','76498229db1024a919bbbebc3ce6feb702ed3cb6f115926ac5a677b43f387ba3c169dce72c75793f0e5301fe616a3645f71e011f4b21eb0dee6ec849c6d9d42d'),('Phelps','Indira','','','OK:OKC:GRNDS','1033','','(619) 414-0178','(748) 674-0816','(186) 664-2537','IndiraPhelps743@hotmail.com','IndiraPhelps916@abiz.com',4,20,'90852 Park','','Flint','UT','73132','',179,54,'2015-05-21','2015-06-08',82,9,20,'','','','','',0,1,0,0,0,'0000-00-00','0000-00-00','twalker','76498229db1024a919bbbebc3ce6feb702ed3cb6f115926ac5a677b43f387ba3c169dce72c75793f0e5301fe616a3645f71e011f4b21eb0dee6ec849c6d9d42d'),('Santos','Brittney','','','OK:OKC:PHONE','1009','','(615) 616-6638','(250) 408-1001','(518) 728-1307','BSantos6485@abiz.com','BSantos2320@aol.com',1,29,'16218 Lake','','Champaign','NM','73162','',180,19,'2014-12-22','2015-01-06',24,0,20,'','','','','',0,0,0,0,0,'0000-00-00','0000-00-00','jwalla','76498229db1024a919bbbebc3ce6feb702ed3cb6f115926ac5a677b43f387ba3c169dce72c75793f0e5301fe616a3645f71e011f4b21eb0dee6ec849c6d9d42d'),('Lara','Ross','','','OK:OKC:MAINT','1069','','(256) 341-9386','(832) 336-9494','(450) 858-7512','RLara7802@hotmail.com','RossLara314@comcast.net',11,8,'459 Fifth','','Vero Beach','MT','73132','',181,0,'2015-08-10','0000-00-00',197,0,20,'','','','','',1,1,2,2,0,'0000-00-00','0000-00-00','twaller','76498229db1024a919bbbebc3ce6feb702ed3cb6f115926ac5a677b43f387ba3c169dce72c75793f0e5301fe616a3645f71e011f4b21eb0dee6ec849c6d9d42d'),('Howe','Heriberto','','','','','','(379) 374-1732','(579) 844-7643','(959) 992-9738','HeribertoH8019@comcast.net','HeribertoHowe417@hotmail.com',7,28,'3467 Walnut','','Corpus Christi','UT','73054','',182,0,'2013-10-11','2014-01-24',0,0,20,'','','','','',0,1,0,0,0,'0000-00-00','0000-00-00','mwilde','76498229db1024a919bbbebc3ce6feb702ed3cb6f115926ac5a677b43f387ba3c169dce72c75793f0e5301fe616a3645f71e011f4b21eb0dee6ec849c6d9d42d'),('Daniels','Jenni','','','OK:OKC:CPATR','1006','','(710) 543-6096','(495) 676-0544','(734) 468-7870','JenniD1494@abiz.com','JDaniels9437@comcast.net',6,18,'94242 Mountain View','','Cary','MT','73132','',183,0,'2014-10-10','2015-03-25',0,0,20,'','','','','',0,0,0,0,0,'0000-00-00','0000-00-00','dwilliams','76498229db1024a919bbbebc3ce6feb702ed3cb6f115926ac5a677b43f387ba3c169dce72c75793f0e5301fe616a3645f71e011f4b21eb0dee6ec849c6d9d42d'),('Collier','Gita','','','OK:OKC:FDBEV','1008','','(748) 147-6181','(668) 212-4275','(514) 288-9113','GCollier3734@aol.com','GitaC9930@gmail.com',4,5,'46423 Johnson','Apt. #6328','Eugene','CA','73132','',184,0,'2014-11-24','2015-05-08',0,0,20,'','','','','',0,0,0,0,0,'0000-00-00','0000-00-00','jwilliams','76498229db1024a919bbbebc3ce6feb702ed3cb6f115926ac5a677b43f387ba3c169dce72c75793f0e5301fe616a3645f71e011f4b21eb0dee6ec849c6d9d42d'),('Mercer','Fay','','','OK:OKC:CPATR','1058','','(222) 377-9421','(672) 681-3714','(685) 574-7792','FayM4792@hotmail.com','FMercer9733@hotmail.com',12,24,'56357 Pine','Apt. #6925','Riverside','KS','73132','',185,23,'2015-07-29','0000-00-00',89,0,20,'','','','','',1,1,2,2,0,'0000-00-00','0000-00-00','jwilliams1','76498229db1024a919bbbebc3ce6feb702ed3cb6f115926ac5a677b43f387ba3c169dce72c75793f0e5301fe616a3645f71e011f4b21eb0dee6ec849c6d9d42d'),('Santana','Maryann','','','OK:OKC:GSERV','759','','(381) 891-8928','(176) 605-2716','(409) 540-9676','MaryannSantana971@gmail.com','MSantana7242@abiz.com',7,7,'25774 Ninth','Apt. #4862','Port Arthur','AR','73132','',186,42,'2013-12-14','0000-00-00',49,7,20,'','','','','',1,1,1,1,0,'0000-00-00','0000-00-00','jworley','76498229db1024a919bbbebc3ce6feb702ed3cb6f115926ac5a677b43f387ba3c169dce72c75793f0e5301fe616a3645f71e011f4b21eb0dee6ec849c6d9d42d'),('Kemp','Kali','','','OK:OKC:HSKPG','816','','(971) 937-5518','(430) 394-2363','(113) 962-3950','KaliK3049@bdiddy.com','KaliKemp920@hotmail.com',7,24,'87342 South Carolina','','Phoenix','NY','73107','',187,52,'2014-06-14','0000-00-00',146,0,20,'','','','','',1,1,1,1,0,'0000-00-00','0000-00-00','azapil','76498229db1024a919bbbebc3ce6feb702ed3cb6f115926ac5a677b43f387ba3c169dce72c75793f0e5301fe616a3645f71e011f4b21eb0dee6ec849c6d9d42d'),('Moody','Karly','','','OK:OKC:MAINT','1052','','(211) 454-0086','(275) 995-4899','(858) 734-3555','KarlyMoody76@yahoo.com','KMoody790@bdiddy.com',4,26,'62034 Rhode Island','','Kansas City','FL','73132','',188,56,'2015-07-02','0000-00-00',34,0,20,'','','','','',1,1,1,1,0,'0000-00-00','0000-00-00','dzuber','76498229db1024a919bbbebc3ce6feb702ed3cb6f115926ac5a677b43f387ba3c169dce72c75793f0e5301fe616a3645f71e011f4b21eb0dee6ec849c6d9d42d'),('Campbell','Trent','','','OK:OKC:MAINT','766','','(212) 944-9414','(909) 765-2374','(588) 616-3692','TrentC1503@bdiddy.com','TrentCampbell722@yahoo.com',4,8,'57491 Navajo','','El Monte','NM','73132','',189,59,'2014-01-14','0000-00-00',197,0,20,'','','','','',1,1,1,1,0,'0000-00-00','0000-00-00','fzuniga','76498229db1024a919bbbebc3ce6feb702ed3cb6f115926ac5a677b43f387ba3c169dce72c75793f0e5301fe616a3645f71e011f4b21eb0dee6ec849c6d9d42d'),('Hayden','Guy','','','NY:NYR - USA:SALES','1061','','(754) 487-9880','(994) 328-8965','(790) 656-3291','GuyHayden689@aol.com','GuyH5610@gmail.com',3,24,'61628 Kahili','','Seattle','KS','11968','',190,76,'2015-08-06','0000-00-00',195,0,0,'','','','','',1,1,3,3,0,'0000-00-00','0000-00-00','rbegg','76498229db1024a919bbbebc3ce6feb702ed3cb6f115926ac5a677b43f387ba3c169dce72c75793f0e5301fe616a3645f71e011f4b21eb0dee6ec849c6d9d42d'),('Hurley','Christi','','','NY:NYR - USA:SALES','654','','(889) 948-1460','(498) 653-6113','(507) 861-7091','ChristiHurley775@aol.com','CHurley9637@yahoo.com',11,24,'69140 Sixth','','Bakersfield','NE','10022','',191,29,'2010-01-16','0000-00-00',199,0,0,'','','','','',1,1,1,1,0,'0000-00-00','0000-00-00','jboucher','76498229db1024a919bbbebc3ce6feb702ed3cb6f115926ac5a677b43f387ba3c169dce72c75793f0e5301fe616a3645f71e011f4b21eb0dee6ec849c6d9d42d'),('Cohen','Alison','','','NY:NYR - USA:CRVDES','665','','(190) 402-5291','(931) 344-0604','(750) 705-9786','AlisonC439@comcast.net','AlisonC6123@aol.com',3,1,'8083 5th','Apt. #8152','Oakland','IL','11106','',192,32,'2012-04-01','0000-00-00',199,0,0,'','','','','',1,1,2,2,0,'0000-00-00','0000-00-00','sbrzozowski','76498229db1024a919bbbebc3ce6feb702ed3cb6f115926ac5a677b43f387ba3c169dce72c75793f0e5301fe616a3645f71e011f4b21eb0dee6ec849c6d9d42d'),('Glover','Nelson','','','NY:NYR - USA:SALES','80','','(518) 939-9800','(947) 509-1279','(822) 949-7399','NelsonG3925@bdiddy.com','NGlover9016@abiz.com',9,12,'28744 Navajo','','Palmdale','AK','11561','',193,66,'2011-10-17','0000-00-00',199,0,0,'','','','','',1,1,1,1,0,'0000-00-00','0000-00-00','mfarrell','76498229db1024a919bbbebc3ce6feb702ed3cb6f115926ac5a677b43f387ba3c169dce72c75793f0e5301fe616a3645f71e011f4b21eb0dee6ec849c6d9d42d'),('Golden','Dianna','','','NY:NYR - USA:SALES','1044','','(876) 615-9717','(774) 818-8168','(429) 371-5865','DiannaGolden26@gmail.com','DiannaG381@yahoo.com',6,17,'80205 S 400','Apt. #4477','Jackson','NH','11968','',194,76,'2015-05-30','0000-00-00',195,0,0,'','','','','',1,1,3,3,0,'0000-00-00','0000-00-00','sgates','76498229db1024a919bbbebc3ce6feb702ed3cb6f115926ac5a677b43f387ba3c169dce72c75793f0e5301fe616a3645f71e011f4b21eb0dee6ec849c6d9d42d'),('Lee','Jacquelyn','','','NY:NYR - USA:SALES','1026','','(707) 273-7859','(425) 181-3644','(250) 669-5770','JLee9479@gmail.com','JLee8210@yahoo.com',9,7,'4510 11th','','Tallahassee','OR','11968','',195,77,'2015-04-06','0000-00-00',193,0,0,'','','','','',1,1,2,2,0,'0000-00-00','0000-00-00','jhale','76498229db1024a919bbbebc3ce6feb702ed3cb6f115926ac5a677b43f387ba3c169dce72c75793f0e5301fe616a3645f71e011f4b21eb0dee6ec849c6d9d42d'),('Hamilton','Almeda','','','NY:NYR - USA:SALES','1027','','(334) 168-7855','(548) 537-0693','(888) 843-5991','AlmedaH6816@hotmail.com','AHamilton2584@bdiddy.com',8,18,'31571 South Carolina','Apt. #5098','Fort Smith','TN','11949','',196,78,'2015-04-06','0000-00-00',193,0,0,'','','','','',1,1,2,2,0,'0000-00-00','0000-00-00','ckoenitzer','76498229db1024a919bbbebc3ce6feb702ed3cb6f115926ac5a677b43f387ba3c169dce72c75793f0e5301fe616a3645f71e011f4b21eb0dee6ec849c6d9d42d'),('Orr','Sheldon','','','OK:OKC:MAINT','413','','(551) 892-6330','(423) 442-9866','(438) 466-5519','SOrr629@hotmail.com','SOrr1666@yahoo.com',11,12,'67813 Lakeview','','Des Moines','NV','73132','',197,58,'2007-09-14','0000-00-00',207,10,20,'','','','','',1,1,1,1,0,'0000-00-00','0000-00-00','dlewis','76498229db1024a919bbbebc3ce6feb702ed3cb6f115926ac5a677b43f387ba3c169dce72c75793f0e5301fe616a3645f71e011f4b21eb0dee6ec849c6d9d42d'),('Munoz','Chas','','','TX:AII:ADMIN','1004','','(322) 596-4657','(550) 353-3816','(302) 599-1740','CMunoz6596@gmail.com','ChasMunoz623@hotmail.com',6,19,'27270 Pioneer','','Eugene','TX','78733','',198,30,'2014-10-07','0000-00-00',0,0,4,'','','','','',1,1,1,1,0,'0000-00-00','0000-00-00','jmansour','76498229db1024a919bbbebc3ce6feb702ed3cb6f115926ac5a677b43f387ba3c169dce72c75793f0e5301fe616a3645f71e011f4b21eb0dee6ec849c6d9d42d'),('Puckett','Angelyn','','','TX:USA:ADMIN','87','','(517) 221-0847','(811) 598-5667','(832) 924-5975','APuckett6935@aol.com','AngelynPuckett462@hotmail.com',12,22,'3748 Sycamore','','Glendale','PA','75093','',199,7,'2012-01-02','0000-00-00',198,1,0,'','','','','',1,1,1,1,0,'0000-00-00','0000-00-00','jmun','76498229db1024a919bbbebc3ce6feb702ed3cb6f115926ac5a677b43f387ba3c169dce72c75793f0e5301fe616a3645f71e011f4b21eb0dee6ec849c6d9d42d'),('Cotton','Lizzie','','','TX:AII:ADMIN','391','','(966) 552-0606','(760) 239-2556','(317) 108-6535','LizzieCotton643@abiz.com','LizzieC8877@yahoo.com',3,9,'41745 Jackson','','McAllen','NJ','78738','',200,9,'1996-01-01','0000-00-00',198,1,4,'','','','','',1,1,1,1,0,'0000-00-00','0000-00-00','dnelson','76498229db1024a919bbbebc3ce6feb702ed3cb6f115926ac5a677b43f387ba3c169dce72c75793f0e5301fe616a3645f71e011f4b21eb0dee6ec849c6d9d42d'),('Hale','Laree','','','TX:TUC:ADMIN','686','','(622) 860-7891','(627) 196-8613','(772) 618-5922','LHale1782@bdiddy.com','LareeHale372@abiz.com',1,27,'30441 North','','Asheville','SD','76248','',201,11,'1990-10-30','0000-00-00',198,1,42,'','','','','',1,1,1,1,0,'0000-00-00','0000-00-00','doverbeck','76498229db1024a919bbbebc3ce6feb702ed3cb6f115926ac5a677b43f387ba3c169dce72c75793f0e5301fe616a3645f71e011f4b21eb0dee6ec849c6d9d42d'),('Kaufman','Deandre','','','TX:AII:ACCTG','1001','','(632) 746-6882','(918) 116-7348','(758) 774-4520','DeandreK7789@abiz.com','DKaufman7072@comcast.net',9,17,'2707 Lincoln','','Newport News','AZ','78729','',202,12,'2014-07-07','0000-00-00',200,1,4,'','','','','',1,1,1,1,0,'0000-00-00','0000-00-00','sriccobene','76498229db1024a919bbbebc3ce6feb702ed3cb6f115926ac5a677b43f387ba3c169dce72c75793f0e5301fe616a3645f71e011f4b21eb0dee6ec849c6d9d42d'),('Harrell','Hung','','','TX:AII:ADMIN','773','','(276) 206-0180','(667) 269-3724','(609) 451-3857','HHarrell9051@comcast.net','HungH7993@abiz.com',8,28,'79547 Eighth','','Lorain','CA','78729','',203,6,'2014-02-10','0000-00-00',198,1,4,'','','','','',1,1,1,1,0,'0000-00-00','0000-00-00','tsantaniello','76498229db1024a919bbbebc3ce6feb702ed3cb6f115926ac5a677b43f387ba3c169dce72c75793f0e5301fe616a3645f71e011f4b21eb0dee6ec849c6d9d42d'),('Decker','Rickie','','','OK:OKC:CPATR','1054','','(103) 972-2825','(829) 170-4088','(436) 382-2892','RickieD4484@bdiddy.com','RDecker7848@aol.com',7,29,'77767 9th','','Virginia Beach','WY','73132','',204,23,'2015-07-15','0000-00-00',59,3,20,'','','','','',1,1,1,1,0,'0000-00-00','0000-00-00','dshannon','76498229db1024a919bbbebc3ce6feb702ed3cb6f115926ac5a677b43f387ba3c169dce72c75793f0e5301fe616a3645f71e011f4b21eb0dee6ec849c6d9d42d'),('Horn','Tosha','','','OK:OKC:TRANS','663','','(529) 167-8160','(857) 140-9914','(599) 858-7376','ToshaH736@bdiddy.com','ToshaHorn611@comcast.net',6,8,'11944 Pinon','Apt. #8527','New Bedford','TX','73132','',205,21,'2010-12-18','0000-00-00',59,3,20,'','','','','',1,1,1,1,0,'0000-00-00','0000-00-00','rtatum','76498229db1024a919bbbebc3ce6feb702ed3cb6f115926ac5a677b43f387ba3c169dce72c75793f0e5301fe616a3645f71e011f4b21eb0dee6ec849c6d9d42d'),('White','Todd','','','OK:OKC:CAPMP','596','','(861) 893-5747','(976) 620-3848','(497) 835-1478','ToddWhite441@abiz.com','ToddW8197@yahoo.com',5,15,'78866 Aloha','','McAllen','NH','73142','',206,61,'2010-03-01','0000-00-00',207,10,20,'','','','','',1,1,1,1,0,'0000-00-00','0000-00-00','dwheeler','76498229db1024a919bbbebc3ce6feb702ed3cb6f115926ac5a677b43f387ba3c169dce72c75793f0e5301fe616a3645f71e011f4b21eb0dee6ec849c6d9d42d'),('Cummings','June','','','OK:OKC:ADMIN','474','','(114) 811-3528','(666) 661-7399','(197) 230-4556','JCummings3478@gmail.com','JuneC3799@hotmail.com',10,9,'42411 Pine','Apt. #8653','Brighton','AR','73142','',207,11,'2008-08-26','0000-00-00',198,0,20,'','','','','',1,1,1,1,0,'0000-00-00','0000-00-00','mwheeler','76498229db1024a919bbbebc3ce6feb702ed3cb6f115926ac5a677b43f387ba3c169dce72c75793f0e5301fe616a3645f71e011f4b21eb0dee6ec849c6d9d42d'),('Albert','Chaya','','','NY:NYR - USA:ADMIN','','','(500) 465-9307','(319) 567-5304','(575) 113-6358','CAlbert5101@gmail.com','CAlbert4591@bdiddy.com',11,29,'19706 8th','','Pittsburgh','OR','11221','',208,31,'2014-09-22','0000-00-00',199,0,0,'','','','','',1,1,2,2,0,'0000-00-00','0000-00-00','jwilliams2','76498229db1024a919bbbebc3ce6feb702ed3cb6f115926ac5a677b43f387ba3c169dce72c75793f0e5301fe616a3645f71e011f4b21eb0dee6ec849c6d9d42d'),('Dunn','Angelina','','','TX:AII: CRVDES','','','(871) 739-9566','(262) 770-4674','(129) 123-6455','AngelinaD1960@bdiddy.com','AngelinaDunn355@aol.com',10,3,'40913 Meadow','','Spokane','MD','76040','',209,26,'2008-10-01','0000-00-00',198,0,0,'','','','','',1,1,1,1,0,'0000-00-00','0000-00-00','eyirach','76498229db1024a919bbbebc3ce6feb702ed3cb6f115926ac5a677b43f387ba3c169dce72c75793f0e5301fe616a3645f71e011f4b21eb0dee6ec849c6d9d42d'),('Guerrero','Clarice','','','CA:AII ADMIN','','','(943) 789-9676','(890) 522-1671','(645) 883-1098','ClariceG517@aol.com','ClariceG2313@aol.com',10,31,'21207 Church','','Saginaw','IN','91202','',210,30,'2015-04-20','0000-00-00',198,0,4,'','','','','',1,1,2,1,0,'0000-00-00','0000-00-00','afeola','76498229db1024a919bbbebc3ce6feb702ed3cb6f115926ac5a677b43f387ba3c169dce72c75793f0e5301fe616a3645f71e011f4b21eb0dee6ec849c6d9d42d'),('Nunez','Angle','','','CA:AII ADMIN','','','(303) 482-8542','(106) 826-7640','(188) 742-1008','AngleN7499@yahoo.com','ANunez5551@aol.com',10,24,'9248 New York','Apt. #2861','Kailua','VA','95035','',211,10,'2015-08-17','0000-00-00',198,0,4,'','','','','',1,1,0,0,0,'0000-00-00','0000-00-00','smansour','76498229db1024a919bbbebc3ce6feb702ed3cb6f115926ac5a677b43f387ba3c169dce72c75793f0e5301fe616a3645f71e011f4b21eb0dee6ec849c6d9d42d');
/*!40000 ALTER TABLE `people` ENABLE KEYS */;
UNLOCK TABLES;
/*!40103 SET TIME_ZONE=@OLD_TIME_ZONE */;

/*!40101 SET SQL_MODE=@OLD_SQL_MODE */;
/*!40014 SET FOREIGN_KEY_CHECKS=@OLD_FOREIGN_KEY_CHECKS */;
/*!40014 SET UNIQUE_CHECKS=@OLD_UNIQUE_CHECKS */;
/*!40101 SET CHARACTER_SET_CLIENT=@OLD_CHARACTER_SET_CLIENT */;
/*!40101 SET CHARACTER_SET_RESULTS=@OLD_CHARACTER_SET_RESULTS */;
/*!40101 SET COLLATION_CONNECTION=@OLD_COLLATION_CONNECTION */;
/*!40111 SET SQL_NOTES=@OLD_SQL_NOTES */;

-- Dump completed on 2015-11-06 11:08:48
